Store ID,Product ID,Date,Forecasted_Demand
S001,P0001,2024-01-02,126.77
S001,P0001,2024-01-03,139.74
S001,P0001,2024-01-04,144.41
S001,P0001,2024-01-05,144.15
S001,P0001,2024-01-06,134.46
S001,P0001,2024-01-07,141.7
S001,P0001,2024-01-08,121.04
S001,P0001,2024-01-09,127.07
S001,P0001,2024-01-10,140.16
S001,P0001,2024-01-11,145.12
S001,P0001,2024-01-12,144.94
S001,P0001,2024-01-13,136.43
S001,P0001,2024-01-14,146.39
S001,P0001,2024-01-15,122.62
S001,P0001,2024-01-16,127.88
S001,P0001,2024-01-17,139.49
S001,P0001,2024-01-18,145.72
S001,P0001,2024-01-19,144.47
S001,P0001,2024-01-20,136.92
S001,P0001,2024-01-21,146.18
S001,P0001,2024-01-22,122.98
S001,P0001,2024-01-23,127.64
S001,P0001,2024-01-24,139.7
S001,P0001,2024-01-25,145.55
S001,P0001,2024-01-26,144.62
S001,P0001,2024-01-27,136.79
S001,P0001,2024-01-28,146.29
S001,P0001,2024-01-29,122.89
S001,P0001,2024-01-30,127.72
S001,P0001,2024-01-31,139.63
S001,P0002,2024-01-02,131.46
S001,P0002,2024-01-03,129.69
S001,P0002,2024-01-04,122.07
S001,P0002,2024-01-05,120.06
S001,P0002,2024-01-06,104.46
S001,P0002,2024-01-07,127.24
S001,P0002,2024-01-08,130.15
S001,P0002,2024-01-09,128.95
S001,P0002,2024-01-10,127.19
S001,P0002,2024-01-11,120.14
S001,P0002,2024-01-12,119.33
S001,P0002,2024-01-13,104.46
S001,P0002,2024-01-14,125.08
S001,P0002,2024-01-15,129.59
S001,P0002,2024-01-16,129.0
S001,P0002,2024-01-17,127.23
S001,P0002,2024-01-18,120.17
S001,P0002,2024-01-19,119.34
S001,P0002,2024-01-20,104.46
S001,P0002,2024-01-21,125.12
S001,P0002,2024-01-22,129.6
S001,P0002,2024-01-23,128.99
S001,P0002,2024-01-24,127.23
S001,P0002,2024-01-25,120.17
S001,P0002,2024-01-26,119.34
S001,P0002,2024-01-27,104.46
S001,P0002,2024-01-28,125.12
S001,P0002,2024-01-29,129.6
S001,P0002,2024-01-30,128.99
S001,P0002,2024-01-31,127.23
S001,P0003,2024-01-02,137.67
S001,P0003,2024-01-03,147.7
S001,P0003,2024-01-04,141.2
S001,P0003,2024-01-05,135.64
S001,P0003,2024-01-06,152.46
S001,P0003,2024-01-07,146.31
S001,P0003,2024-01-08,129.38
S001,P0003,2024-01-09,138.29
S001,P0003,2024-01-10,147.85
S001,P0003,2024-01-11,141.7
S001,P0003,2024-01-12,135.5
S001,P0003,2024-01-13,152.0
S001,P0003,2024-01-14,146.41
S001,P0003,2024-01-15,129.32
S001,P0003,2024-01-16,138.11
S001,P0003,2024-01-17,147.73
S001,P0003,2024-01-18,141.91
S001,P0003,2024-01-19,135.54
S001,P0003,2024-01-20,151.78
S001,P0003,2024-01-21,146.46
S001,P0003,2024-01-22,129.52
S001,P0003,2024-01-23,137.99
S001,P0003,2024-01-24,147.58
S001,P0003,2024-01-25,142.08
S001,P0003,2024-01-26,135.63
S001,P0003,2024-01-27,151.58
S001,P0003,2024-01-28,146.44
S001,P0003,2024-01-29,129.72
S001,P0003,2024-01-30,137.94
S001,P0003,2024-01-31,147.4
S001,P0004,2024-01-02,152.71
S001,P0004,2024-01-03,124.61
S001,P0004,2024-01-04,142.26
S001,P0004,2024-01-05,157.18
S001,P0004,2024-01-06,151.33
S001,P0004,2024-01-07,129.45
S001,P0004,2024-01-08,109.57
S001,P0004,2024-01-09,149.52
S001,P0004,2024-01-10,145.81
S001,P0004,2024-01-11,152.96
S001,P0004,2024-01-12,150.03
S001,P0004,2024-01-13,142.03
S001,P0004,2024-01-14,131.92
S001,P0004,2024-01-15,115.81
S001,P0004,2024-01-16,149.8
S001,P0004,2024-01-17,143.99
S001,P0004,2024-01-18,152.04
S001,P0004,2024-01-19,150.64
S001,P0004,2024-01-20,142.83
S001,P0004,2024-01-21,131.71
S001,P0004,2024-01-22,115.27
S001,P0004,2024-01-23,149.77
S001,P0004,2024-01-24,144.14
S001,P0004,2024-01-25,152.12
S001,P0004,2024-01-26,150.59
S001,P0004,2024-01-27,142.76
S001,P0004,2024-01-28,131.73
S001,P0004,2024-01-29,115.32
S001,P0004,2024-01-30,149.77
S001,P0004,2024-01-31,144.13
S001,P0005,2024-01-02,101.72
S001,P0005,2024-01-03,130.49
S001,P0005,2024-01-04,128.38
S001,P0005,2024-01-05,141.65
S001,P0005,2024-01-06,131.48
S001,P0005,2024-01-07,145.88
S001,P0005,2024-01-08,134.15
S001,P0005,2024-01-09,113.08
S001,P0005,2024-01-10,140.32
S001,P0005,2024-01-11,121.08
S001,P0005,2024-01-12,146.16
S001,P0005,2024-01-13,130.66
S001,P0005,2024-01-14,144.76
S001,P0005,2024-01-15,136.06
S001,P0005,2024-01-16,112.92
S001,P0005,2024-01-17,140.18
S001,P0005,2024-01-18,121.18
S001,P0005,2024-01-19,146.1
S001,P0005,2024-01-20,130.67
S001,P0005,2024-01-21,144.78
S001,P0005,2024-01-22,136.03
S001,P0005,2024-01-23,112.92
S001,P0005,2024-01-24,140.19
S001,P0005,2024-01-25,121.18
S001,P0005,2024-01-26,146.1
S001,P0005,2024-01-27,130.67
S001,P0005,2024-01-28,144.78
S001,P0005,2024-01-29,136.03
S001,P0005,2024-01-30,112.92
S001,P0005,2024-01-31,140.19
S001,P0006,2024-01-02,138.11
S001,P0006,2024-01-03,129.42
S001,P0006,2024-01-04,129.87
S001,P0006,2024-01-05,137.96
S001,P0006,2024-01-06,146.08
S001,P0006,2024-01-07,112.13
S001,P0006,2024-01-08,131.69
S001,P0006,2024-01-09,137.69
S001,P0006,2024-01-10,125.62
S001,P0006,2024-01-11,130.78
S001,P0006,2024-01-12,135.16
S001,P0006,2024-01-13,147.54
S001,P0006,2024-01-14,109.86
S001,P0006,2024-01-15,133.37
S001,P0006,2024-01-16,135.67
S001,P0006,2024-01-17,127.36
S001,P0006,2024-01-18,128.91
S001,P0006,2024-01-19,136.89
S001,P0006,2024-01-20,145.78
S001,P0006,2024-01-21,111.55
S001,P0006,2024-01-22,131.69
S001,P0006,2024-01-23,137.3
S001,P0006,2024-01-24,125.75
S001,P0006,2024-01-25,130.48
S001,P0006,2024-01-26,135.34
S001,P0006,2024-01-27,147.29
S001,P0006,2024-01-28,110.06
S001,P0006,2024-01-29,133.15
S001,P0006,2024-01-30,135.87
S001,P0006,2024-01-31,127.15
S001,P0007,2024-01-02,119.88
S001,P0007,2024-01-03,122.14
S001,P0007,2024-01-04,118.74
S001,P0007,2024-01-05,127.88
S001,P0007,2024-01-06,139.0
S001,P0007,2024-01-07,151.33
S001,P0007,2024-01-08,141.36
S001,P0007,2024-01-09,122.39
S001,P0007,2024-01-10,122.72
S001,P0007,2024-01-11,119.64
S001,P0007,2024-01-12,127.19
S001,P0007,2024-01-13,141.78
S001,P0007,2024-01-14,151.68
S001,P0007,2024-01-15,139.75
S001,P0007,2024-01-16,122.35
S001,P0007,2024-01-17,122.71
S001,P0007,2024-01-18,119.63
S001,P0007,2024-01-19,127.2
S001,P0007,2024-01-20,141.75
S001,P0007,2024-01-21,151.67
S001,P0007,2024-01-22,139.77
S001,P0007,2024-01-23,122.35
S001,P0007,2024-01-24,122.71
S001,P0007,2024-01-25,119.63
S001,P0007,2024-01-26,127.2
S001,P0007,2024-01-27,141.75
S001,P0007,2024-01-28,151.67
S001,P0007,2024-01-29,139.77
S001,P0007,2024-01-30,122.35
S001,P0007,2024-01-31,122.71
S001,P0008,2024-01-02,155.88
S001,P0008,2024-01-03,145.43
S001,P0008,2024-01-04,141.73
S001,P0008,2024-01-05,126.16
S001,P0008,2024-01-06,131.37
S001,P0008,2024-01-07,126.36
S001,P0008,2024-01-08,134.7
S001,P0008,2024-01-09,155.21
S001,P0008,2024-01-10,141.93
S001,P0008,2024-01-11,142.99
S001,P0008,2024-01-12,126.02
S001,P0008,2024-01-13,129.8
S001,P0008,2024-01-14,126.0
S001,P0008,2024-01-15,136.07
S001,P0008,2024-01-16,155.21
S001,P0008,2024-01-17,141.98
S001,P0008,2024-01-18,142.97
S001,P0008,2024-01-19,126.02
S001,P0008,2024-01-20,129.82
S001,P0008,2024-01-21,126.01
S001,P0008,2024-01-22,136.05
S001,P0008,2024-01-23,155.21
S001,P0008,2024-01-24,141.98
S001,P0008,2024-01-25,142.97
S001,P0008,2024-01-26,126.02
S001,P0008,2024-01-27,129.82
S001,P0008,2024-01-28,126.01
S001,P0008,2024-01-29,136.05
S001,P0008,2024-01-30,155.21
S001,P0008,2024-01-31,141.98
S001,P0009,2024-01-02,142.37
S001,P0009,2024-01-03,138.79
S001,P0009,2024-01-04,136.95
S001,P0009,2024-01-05,136.01
S001,P0009,2024-01-06,140.21
S001,P0009,2024-01-07,137.84
S001,P0009,2024-01-08,129.6
S001,P0009,2024-01-09,143.68
S001,P0009,2024-01-10,140.93
S001,P0009,2024-01-11,133.33
S001,P0009,2024-01-12,134.85
S001,P0009,2024-01-13,140.97
S001,P0009,2024-01-14,137.0
S001,P0009,2024-01-15,126.81
S001,P0009,2024-01-16,142.6
S001,P0009,2024-01-17,139.66
S001,P0009,2024-01-18,133.44
S001,P0009,2024-01-19,135.85
S001,P0009,2024-01-20,141.62
S001,P0009,2024-01-21,136.72
S001,P0009,2024-01-22,126.14
S001,P0009,2024-01-23,142.34
S001,P0009,2024-01-24,140.12
S001,P0009,2024-01-25,133.95
S001,P0009,2024-01-26,135.85
S001,P0009,2024-01-27,141.2
S001,P0009,2024-01-28,136.43
S001,P0009,2024-01-29,126.27
S001,P0009,2024-01-30,142.67
S001,P0009,2024-01-31,140.24
S001,P0010,2024-01-02,124.41
S001,P0010,2024-01-03,115.62
S001,P0010,2024-01-04,155.99
S001,P0010,2024-01-05,130.91
S001,P0010,2024-01-06,117.5
S001,P0010,2024-01-07,174.62
S001,P0010,2024-01-08,126.58
S001,P0010,2024-01-09,138.87
S001,P0010,2024-01-10,113.97
S001,P0010,2024-01-11,146.34
S001,P0010,2024-01-12,129.66
S001,P0010,2024-01-13,126.18
S001,P0010,2024-01-14,173.32
S001,P0010,2024-01-15,122.19
S001,P0010,2024-01-16,138.34
S001,P0010,2024-01-17,116.27
S001,P0010,2024-01-18,146.76
S001,P0010,2024-01-19,128.25
S001,P0010,2024-01-20,125.83
S001,P0010,2024-01-21,174.24
S001,P0010,2024-01-22,122.43
S001,P0010,2024-01-23,137.79
S001,P0010,2024-01-24,116.1
S001,P0010,2024-01-25,147.1
S001,P0010,2024-01-26,128.37
S001,P0010,2024-01-27,125.62
S001,P0010,2024-01-28,174.15
S001,P0010,2024-01-29,122.56
S001,P0010,2024-01-30,137.84
S001,P0010,2024-01-31,116.02
S001,P0011,2024-01-02,130.2
S001,P0011,2024-01-03,134.79
S001,P0011,2024-01-04,139.23
S001,P0011,2024-01-05,136.35
S001,P0011,2024-01-06,129.84
S001,P0011,2024-01-07,143.53
S001,P0011,2024-01-08,118.83
S001,P0011,2024-01-09,140.84
S001,P0011,2024-01-10,130.43
S001,P0011,2024-01-11,141.16
S001,P0011,2024-01-12,127.23
S001,P0011,2024-01-13,137.07
S001,P0011,2024-01-14,134.68
S001,P0011,2024-01-15,125.88
S001,P0011,2024-01-16,139.86
S001,P0011,2024-01-17,131.27
S001,P0011,2024-01-18,140.44
S001,P0011,2024-01-19,127.36
S001,P0011,2024-01-20,136.98
S001,P0011,2024-01-21,134.56
S001,P0011,2024-01-22,125.99
S001,P0011,2024-01-23,139.99
S001,P0011,2024-01-24,131.18
S001,P0011,2024-01-25,140.5
S001,P0011,2024-01-26,127.3
S001,P0011,2024-01-27,137.03
S001,P0011,2024-01-28,134.51
S001,P0011,2024-01-29,126.02
S001,P0011,2024-01-30,139.97
S001,P0011,2024-01-31,131.19
S001,P0012,2024-01-02,120.9
S001,P0012,2024-01-03,129.62
S001,P0012,2024-01-04,122.33
S001,P0012,2024-01-05,133.68
S001,P0012,2024-01-06,133.97
S001,P0012,2024-01-07,132.77
S001,P0012,2024-01-08,126.13
S001,P0012,2024-01-09,120.88
S001,P0012,2024-01-10,130.36
S001,P0012,2024-01-11,121.49
S001,P0012,2024-01-12,129.89
S001,P0012,2024-01-13,131.33
S001,P0012,2024-01-14,137.72
S001,P0012,2024-01-15,131.18
S001,P0012,2024-01-16,119.87
S001,P0012,2024-01-17,126.18
S001,P0012,2024-01-18,120.2
S001,P0012,2024-01-19,133.15
S001,P0012,2024-01-20,134.28
S001,P0012,2024-01-21,136.22
S001,P0012,2024-01-22,127.56
S001,P0012,2024-01-23,119.38
S001,P0012,2024-01-24,129.4
S001,P0012,2024-01-25,122.39
S001,P0012,2024-01-26,131.23
S001,P0012,2024-01-27,131.16
S001,P0012,2024-01-28,136.39
S001,P0012,2024-01-29,130.63
S001,P0012,2024-01-30,120.86
S001,P0012,2024-01-31,127.26
S001,P0013,2024-01-02,126.63
S001,P0013,2024-01-03,134.86
S001,P0013,2024-01-04,127.39
S001,P0013,2024-01-05,151.04
S001,P0013,2024-01-06,115.45
S001,P0013,2024-01-07,153.65
S001,P0013,2024-01-08,128.38
S001,P0013,2024-01-09,119.48
S001,P0013,2024-01-10,134.07
S001,P0013,2024-01-11,129.33
S001,P0013,2024-01-12,149.76
S001,P0013,2024-01-13,116.42
S001,P0013,2024-01-14,152.4
S001,P0013,2024-01-15,130.54
S001,P0013,2024-01-16,119.48
S001,P0013,2024-01-17,134.19
S001,P0013,2024-01-18,129.22
S001,P0013,2024-01-19,149.84
S001,P0013,2024-01-20,116.37
S001,P0013,2024-01-21,152.44
S001,P0013,2024-01-22,130.48
S001,P0013,2024-01-23,119.48
S001,P0013,2024-01-24,134.18
S001,P0013,2024-01-25,129.23
S001,P0013,2024-01-26,149.83
S001,P0013,2024-01-27,116.37
S001,P0013,2024-01-28,152.44
S001,P0013,2024-01-29,130.48
S001,P0013,2024-01-30,119.48
S001,P0013,2024-01-31,134.18
S001,P0014,2024-01-02,151.63
S001,P0014,2024-01-03,161.24
S001,P0014,2024-01-04,139.88
S001,P0014,2024-01-05,136.8
S001,P0014,2024-01-06,136.81
S001,P0014,2024-01-07,137.2
S001,P0014,2024-01-08,128.81
S001,P0014,2024-01-09,149.51
S001,P0014,2024-01-10,170.54
S001,P0014,2024-01-11,136.32
S001,P0014,2024-01-12,136.0
S001,P0014,2024-01-13,134.2
S001,P0014,2024-01-14,134.83
S001,P0014,2024-01-15,131.58
S001,P0014,2024-01-16,149.57
S001,P0014,2024-01-17,170.29
S001,P0014,2024-01-18,136.41
S001,P0014,2024-01-19,136.02
S001,P0014,2024-01-20,134.27
S001,P0014,2024-01-21,134.89
S001,P0014,2024-01-22,131.51
S001,P0014,2024-01-23,149.57
S001,P0014,2024-01-24,170.29
S001,P0014,2024-01-25,136.41
S001,P0014,2024-01-26,136.02
S001,P0014,2024-01-27,134.27
S001,P0014,2024-01-28,134.89
S001,P0014,2024-01-29,131.51
S001,P0014,2024-01-30,149.57
S001,P0014,2024-01-31,170.29
S001,P0015,2024-01-02,137.93
S001,P0015,2024-01-03,166.14
S001,P0015,2024-01-04,116.45
S001,P0015,2024-01-05,138.49
S001,P0015,2024-01-06,137.47
S001,P0015,2024-01-07,121.36
S001,P0015,2024-01-08,158.43
S001,P0015,2024-01-09,137.2
S001,P0015,2024-01-10,151.33
S001,P0015,2024-01-11,111.15
S001,P0015,2024-01-12,138.6
S001,P0015,2024-01-13,132.67
S001,P0015,2024-01-14,123.8
S001,P0015,2024-01-15,164.5
S001,P0015,2024-01-16,137.28
S001,P0015,2024-01-17,152.23
S001,P0015,2024-01-18,111.47
S001,P0015,2024-01-19,138.59
S001,P0015,2024-01-20,132.97
S001,P0015,2024-01-21,123.65
S001,P0015,2024-01-22,164.12
S001,P0015,2024-01-23,137.27
S001,P0015,2024-01-24,152.18
S001,P0015,2024-01-25,111.45
S001,P0015,2024-01-26,138.59
S001,P0015,2024-01-27,132.95
S001,P0015,2024-01-28,123.66
S001,P0015,2024-01-29,164.15
S001,P0015,2024-01-30,137.27
S001,P0015,2024-01-31,152.18
S001,P0016,2024-01-02,144.13
S001,P0016,2024-01-03,139.77
S001,P0016,2024-01-04,132.83
S001,P0016,2024-01-05,163.36
S001,P0016,2024-01-06,108.05
S001,P0016,2024-01-07,128.99
S001,P0016,2024-01-08,152.56
S001,P0016,2024-01-09,146.13
S001,P0016,2024-01-10,141.96
S001,P0016,2024-01-11,134.16
S001,P0016,2024-01-12,157.84
S001,P0016,2024-01-13,107.67
S001,P0016,2024-01-14,130.36
S001,P0016,2024-01-15,149.36
S001,P0016,2024-01-16,143.41
S001,P0016,2024-01-17,140.65
S001,P0016,2024-01-18,136.09
S001,P0016,2024-01-19,159.78
S001,P0016,2024-01-20,106.54
S001,P0016,2024-01-21,128.32
S001,P0016,2024-01-22,149.77
S001,P0016,2024-01-23,145.39
S001,P0016,2024-01-24,141.03
S001,P0016,2024-01-25,134.45
S001,P0016,2024-01-26,158.87
S001,P0016,2024-01-27,107.7
S001,P0016,2024-01-28,129.53
S001,P0016,2024-01-29,149.14
S001,P0016,2024-01-30,144.09
S001,P0016,2024-01-31,141.15
S001,P0017,2024-01-02,139.02
S001,P0017,2024-01-03,133.23
S001,P0017,2024-01-04,150.48
S001,P0017,2024-01-05,114.98
S001,P0017,2024-01-06,144.74
S001,P0017,2024-01-07,145.23
S001,P0017,2024-01-08,157.99
S001,P0017,2024-01-09,138.49
S001,P0017,2024-01-10,128.81
S001,P0017,2024-01-11,151.42
S001,P0017,2024-01-12,121.18
S001,P0017,2024-01-13,149.37
S001,P0017,2024-01-14,143.67
S001,P0017,2024-01-15,154.78
S001,P0017,2024-01-16,137.15
S001,P0017,2024-01-17,129.29
S001,P0017,2024-01-18,153.46
S001,P0017,2024-01-19,123.03
S001,P0017,2024-01-20,149.41
S001,P0017,2024-01-21,141.89
S001,P0017,2024-01-22,152.85
S001,P0017,2024-01-23,136.74
S001,P0017,2024-01-24,130.67
S001,P0017,2024-01-25,155.41
S001,P0017,2024-01-26,123.88
S001,P0017,2024-01-27,148.46
S001,P0017,2024-01-28,140.0
S001,P0017,2024-01-29,151.65
S001,P0017,2024-01-30,137.24
S001,P0017,2024-01-31,132.4
S001,P0018,2024-01-02,139.26
S001,P0018,2024-01-03,140.66
S001,P0018,2024-01-04,151.74
S001,P0018,2024-01-05,133.99
S001,P0018,2024-01-06,118.37
S001,P0018,2024-01-07,126.49
S001,P0018,2024-01-08,151.02
S001,P0018,2024-01-09,133.3
S001,P0018,2024-01-10,140.67
S001,P0018,2024-01-11,162.21
S001,P0018,2024-01-12,120.51
S001,P0018,2024-01-13,127.15
S001,P0018,2024-01-14,136.74
S001,P0018,2024-01-15,143.34
S001,P0018,2024-01-16,143.81
S001,P0018,2024-01-17,138.77
S001,P0018,2024-01-18,154.64
S001,P0018,2024-01-19,132.17
S001,P0018,2024-01-20,119.45
S001,P0018,2024-01-21,135.7
S001,P0018,2024-01-22,152.71
S001,P0018,2024-01-23,133.08
S001,P0018,2024-01-24,143.72
S001,P0018,2024-01-25,158.66
S001,P0018,2024-01-26,122.14
S001,P0018,2024-01-27,128.54
S001,P0018,2024-01-28,133.68
S001,P0018,2024-01-29,146.51
S001,P0018,2024-01-30,143.09
S001,P0018,2024-01-31,136.78
S001,P0019,2024-01-02,138.35
S001,P0019,2024-01-03,132.41
S001,P0019,2024-01-04,139.04
S001,P0019,2024-01-05,124.77
S001,P0019,2024-01-06,139.24
S001,P0019,2024-01-07,138.28
S001,P0019,2024-01-08,129.65
S001,P0019,2024-01-09,140.72
S001,P0019,2024-01-10,132.97
S001,P0019,2024-01-11,138.47
S001,P0019,2024-01-12,123.6
S001,P0019,2024-01-13,138.8
S001,P0019,2024-01-14,137.69
S001,P0019,2024-01-15,129.86
S001,P0019,2024-01-16,140.7
S001,P0019,2024-01-17,132.94
S001,P0019,2024-01-18,138.47
S001,P0019,2024-01-19,123.61
S001,P0019,2024-01-20,138.81
S001,P0019,2024-01-21,137.7
S001,P0019,2024-01-22,129.86
S001,P0019,2024-01-23,140.7
S001,P0019,2024-01-24,132.94
S001,P0019,2024-01-25,138.47
S001,P0019,2024-01-26,123.61
S001,P0019,2024-01-27,138.81
S001,P0019,2024-01-28,137.7
S001,P0019,2024-01-29,129.86
S001,P0019,2024-01-30,140.7
S001,P0019,2024-01-31,132.94
S001,P0020,2024-01-02,113.74
S001,P0020,2024-01-03,127.81
S001,P0020,2024-01-04,155.55
S001,P0020,2024-01-05,131.75
S001,P0020,2024-01-06,143.35
S001,P0020,2024-01-07,103.73
S001,P0020,2024-01-08,124.48
S001,P0020,2024-01-09,122.01
S001,P0020,2024-01-10,133.99
S001,P0020,2024-01-11,160.45
S001,P0020,2024-01-12,135.43
S001,P0020,2024-01-13,146.17
S001,P0020,2024-01-14,105.91
S001,P0020,2024-01-15,126.14
S001,P0020,2024-01-16,123.32
S001,P0020,2024-01-17,135.01
S001,P0020,2024-01-18,161.23
S001,P0020,2024-01-19,136.03
S001,P0020,2024-01-20,146.64
S001,P0020,2024-01-21,106.27
S001,P0020,2024-01-22,126.42
S001,P0020,2024-01-23,123.54
S001,P0020,2024-01-24,135.17
S001,P0020,2024-01-25,161.36
S001,P0020,2024-01-26,136.13
S001,P0020,2024-01-27,146.72
S001,P0020,2024-01-28,106.32
S001,P0020,2024-01-29,126.47
S001,P0020,2024-01-30,123.57
S001,P0020,2024-01-31,135.2
S002,P0001,2024-01-02,169.81
S002,P0001,2024-01-03,145.58
S002,P0001,2024-01-04,139.36
S002,P0001,2024-01-05,138.29
S002,P0001,2024-01-06,136.04
S002,P0001,2024-01-07,123.82
S002,P0001,2024-01-08,163.19
S002,P0001,2024-01-09,166.51
S002,P0001,2024-01-10,143.07
S002,P0001,2024-01-11,154.95
S002,P0001,2024-01-12,140.99
S002,P0001,2024-01-13,130.59
S002,P0001,2024-01-14,134.47
S002,P0001,2024-01-15,151.0
S002,P0001,2024-01-16,167.15
S002,P0001,2024-01-17,144.66
S002,P0001,2024-01-18,154.28
S002,P0001,2024-01-19,140.14
S002,P0001,2024-01-20,130.4
S002,P0001,2024-01-21,133.85
S002,P0001,2024-01-22,152.25
S002,P0001,2024-01-23,167.22
S002,P0001,2024-01-24,144.36
S002,P0001,2024-01-25,154.17
S002,P0001,2024-01-26,140.24
S002,P0001,2024-01-27,130.53
S002,P0001,2024-01-28,133.92
S002,P0001,2024-01-29,152.11
S002,P0001,2024-01-30,167.17
S002,P0001,2024-01-31,144.39
S002,P0002,2024-01-02,128.76
S002,P0002,2024-01-03,125.32
S002,P0002,2024-01-04,130.1
S002,P0002,2024-01-05,120.82
S002,P0002,2024-01-06,128.0
S002,P0002,2024-01-07,108.35
S002,P0002,2024-01-08,120.19
S002,P0002,2024-01-09,125.8
S002,P0002,2024-01-10,124.44
S002,P0002,2024-01-11,141.03
S002,P0002,2024-01-12,123.23
S002,P0002,2024-01-13,127.95
S002,P0002,2024-01-14,108.05
S002,P0002,2024-01-15,118.88
S002,P0002,2024-01-16,127.28
S002,P0002,2024-01-17,125.48
S002,P0002,2024-01-18,141.38
S002,P0002,2024-01-19,123.66
S002,P0002,2024-01-20,128.31
S002,P0002,2024-01-21,108.31
S002,P0002,2024-01-22,119.1
S002,P0002,2024-01-23,127.35
S002,P0002,2024-01-24,125.52
S002,P0002,2024-01-25,141.42
S002,P0002,2024-01-26,123.68
S002,P0002,2024-01-27,128.33
S002,P0002,2024-01-28,108.32
S002,P0002,2024-01-29,119.11
S002,P0002,2024-01-30,127.36
S002,P0002,2024-01-31,125.53
S002,P0003,2024-01-02,130.99
S002,P0003,2024-01-03,130.19
S002,P0003,2024-01-04,129.19
S002,P0003,2024-01-05,122.22
S002,P0003,2024-01-06,119.63
S002,P0003,2024-01-07,152.95
S002,P0003,2024-01-08,126.04
S002,P0003,2024-01-09,134.96
S002,P0003,2024-01-10,133.24
S002,P0003,2024-01-11,130.66
S002,P0003,2024-01-12,126.18
S002,P0003,2024-01-13,120.57
S002,P0003,2024-01-14,155.18
S002,P0003,2024-01-15,127.12
S002,P0003,2024-01-16,135.11
S002,P0003,2024-01-17,133.33
S002,P0003,2024-01-18,130.72
S002,P0003,2024-01-19,126.3
S002,P0003,2024-01-20,120.61
S002,P0003,2024-01-21,155.25
S002,P0003,2024-01-22,127.16
S002,P0003,2024-01-23,135.11
S002,P0003,2024-01-24,133.34
S002,P0003,2024-01-25,130.72
S002,P0003,2024-01-26,126.31
S002,P0003,2024-01-27,120.61
S002,P0003,2024-01-28,155.25
S002,P0003,2024-01-29,127.16
S002,P0003,2024-01-30,135.11
S002,P0003,2024-01-31,133.34
S002,P0004,2024-01-02,140.96
S002,P0004,2024-01-03,115.33
S002,P0004,2024-01-04,136.99
S002,P0004,2024-01-05,141.56
S002,P0004,2024-01-06,140.04
S002,P0004,2024-01-07,115.79
S002,P0004,2024-01-08,135.69
S002,P0004,2024-01-09,134.02
S002,P0004,2024-01-10,116.75
S002,P0004,2024-01-11,132.61
S002,P0004,2024-01-12,138.12
S002,P0004,2024-01-13,144.53
S002,P0004,2024-01-14,118.53
S002,P0004,2024-01-15,132.2
S002,P0004,2024-01-16,134.28
S002,P0004,2024-01-17,116.69
S002,P0004,2024-01-18,132.78
S002,P0004,2024-01-19,138.25
S002,P0004,2024-01-20,144.35
S002,P0004,2024-01-21,118.42
S002,P0004,2024-01-22,132.33
S002,P0004,2024-01-23,134.27
S002,P0004,2024-01-24,116.69
S002,P0004,2024-01-25,132.77
S002,P0004,2024-01-26,138.25
S002,P0004,2024-01-27,144.36
S002,P0004,2024-01-28,118.43
S002,P0004,2024-01-29,132.33
S002,P0004,2024-01-30,134.27
S002,P0004,2024-01-31,116.69
S002,P0005,2024-01-02,143.42
S002,P0005,2024-01-03,148.0
S002,P0005,2024-01-04,112.29
S002,P0005,2024-01-05,124.49
S002,P0005,2024-01-06,143.06
S002,P0005,2024-01-07,132.92
S002,P0005,2024-01-08,136.87
S002,P0005,2024-01-09,144.85
S002,P0005,2024-01-10,145.92
S002,P0005,2024-01-11,116.32
S002,P0005,2024-01-12,115.66
S002,P0005,2024-01-13,148.38
S002,P0005,2024-01-14,121.13
S002,P0005,2024-01-15,137.08
S002,P0005,2024-01-16,142.7
S002,P0005,2024-01-17,147.85
S002,P0005,2024-01-18,114.63
S002,P0005,2024-01-19,117.03
S002,P0005,2024-01-20,147.04
S002,P0005,2024-01-21,122.11
S002,P0005,2024-01-22,135.82
S002,P0005,2024-01-23,143.78
S002,P0005,2024-01-24,146.86
S002,P0005,2024-01-25,115.54
S002,P0005,2024-01-26,116.19
S002,P0005,2024-01-27,147.8
S002,P0005,2024-01-28,121.41
S002,P0005,2024-01-29,136.44
S002,P0005,2024-01-30,143.21
S002,P0005,2024-01-31,147.38
S002,P0006,2024-01-02,152.43
S002,P0006,2024-01-03,117.33
S002,P0006,2024-01-04,128.64
S002,P0006,2024-01-05,134.24
S002,P0006,2024-01-06,129.13
S002,P0006,2024-01-07,128.2
S002,P0006,2024-01-08,131.1
S002,P0006,2024-01-09,146.84
S002,P0006,2024-01-10,121.17
S002,P0006,2024-01-11,131.97
S002,P0006,2024-01-12,133.69
S002,P0006,2024-01-13,127.17
S002,P0006,2024-01-14,131.84
S002,P0006,2024-01-15,132.5
S002,P0006,2024-01-16,147.05
S002,P0006,2024-01-17,121.15
S002,P0006,2024-01-18,131.65
S002,P0006,2024-01-19,133.75
S002,P0006,2024-01-20,127.34
S002,P0006,2024-01-21,131.57
S002,P0006,2024-01-22,132.47
S002,P0006,2024-01-23,147.04
S002,P0006,2024-01-24,121.12
S002,P0006,2024-01-25,131.7
S002,P0006,2024-01-26,133.73
S002,P0006,2024-01-27,127.33
S002,P0006,2024-01-28,131.6
S002,P0006,2024-01-29,132.46
S002,P0006,2024-01-30,147.04
S002,P0006,2024-01-31,121.13
S002,P0007,2024-01-02,135.18
S002,P0007,2024-01-03,129.14
S002,P0007,2024-01-04,148.8
S002,P0007,2024-01-05,152.58
S002,P0007,2024-01-06,129.13
S002,P0007,2024-01-07,140.49
S002,P0007,2024-01-08,127.27
S002,P0007,2024-01-09,128.36
S002,P0007,2024-01-10,130.91
S002,P0007,2024-01-11,144.17
S002,P0007,2024-01-12,149.95
S002,P0007,2024-01-13,132.04
S002,P0007,2024-01-14,143.56
S002,P0007,2024-01-15,130.38
S002,P0007,2024-01-16,128.19
S002,P0007,2024-01-17,130.95
S002,P0007,2024-01-18,144.05
S002,P0007,2024-01-19,149.88
S002,P0007,2024-01-20,132.12
S002,P0007,2024-01-21,143.64
S002,P0007,2024-01-22,130.45
S002,P0007,2024-01-23,128.19
S002,P0007,2024-01-24,130.95
S002,P0007,2024-01-25,144.05
S002,P0007,2024-01-26,149.88
S002,P0007,2024-01-27,132.12
S002,P0007,2024-01-28,143.64
S002,P0007,2024-01-29,130.46
S002,P0007,2024-01-30,128.19
S002,P0007,2024-01-31,130.95
S002,P0008,2024-01-02,121.84
S002,P0008,2024-01-03,113.82
S002,P0008,2024-01-04,124.04
S002,P0008,2024-01-05,143.81
S002,P0008,2024-01-06,123.7
S002,P0008,2024-01-07,134.33
S002,P0008,2024-01-08,131.87
S002,P0008,2024-01-09,129.32
S002,P0008,2024-01-10,114.33
S002,P0008,2024-01-11,126.84
S002,P0008,2024-01-12,143.77
S002,P0008,2024-01-13,125.4
S002,P0008,2024-01-14,134.0
S002,P0008,2024-01-15,132.13
S002,P0008,2024-01-16,129.33
S002,P0008,2024-01-17,114.59
S002,P0008,2024-01-18,126.84
S002,P0008,2024-01-19,143.89
S002,P0008,2024-01-20,125.4
S002,P0008,2024-01-21,134.05
S002,P0008,2024-01-22,132.13
S002,P0008,2024-01-23,129.35
S002,P0008,2024-01-24,114.59
S002,P0008,2024-01-25,126.85
S002,P0008,2024-01-26,143.89
S002,P0008,2024-01-27,125.4
S002,P0008,2024-01-28,134.05
S002,P0008,2024-01-29,132.13
S002,P0008,2024-01-30,129.35
S002,P0008,2024-01-31,114.59
S002,P0009,2024-01-02,144.44
S002,P0009,2024-01-03,123.95
S002,P0009,2024-01-04,149.05
S002,P0009,2024-01-05,150.41
S002,P0009,2024-01-06,142.08
S002,P0009,2024-01-07,137.93
S002,P0009,2024-01-08,161.31
S002,P0009,2024-01-09,148.53
S002,P0009,2024-01-10,113.47
S002,P0009,2024-01-11,138.17
S002,P0009,2024-01-12,155.44
S002,P0009,2024-01-13,155.52
S002,P0009,2024-01-14,137.96
S002,P0009,2024-01-15,153.2
S002,P0009,2024-01-16,150.46
S002,P0009,2024-01-17,125.42
S002,P0009,2024-01-18,137.34
S002,P0009,2024-01-19,144.57
S002,P0009,2024-01-20,155.34
S002,P0009,2024-01-21,147.76
S002,P0009,2024-01-22,154.47
S002,P0009,2024-01-23,141.97
S002,P0009,2024-01-24,123.66
S002,P0009,2024-01-25,144.72
S002,P0009,2024-01-26,146.85
S002,P0009,2024-01-27,149.0
S002,P0009,2024-01-28,145.12
S002,P0009,2024-01-29,159.88
S002,P0009,2024-01-30,144.85
S002,P0009,2024-01-31,119.13
S002,P0010,2024-01-02,120.0
S002,P0010,2024-01-03,128.67
S002,P0010,2024-01-04,135.71
S002,P0010,2024-01-05,137.01
S002,P0010,2024-01-06,142.25
S002,P0010,2024-01-07,119.49
S002,P0010,2024-01-08,151.87
S002,P0010,2024-01-09,126.51
S002,P0010,2024-01-10,140.46
S002,P0010,2024-01-11,129.35
S002,P0010,2024-01-12,136.76
S002,P0010,2024-01-13,144.1
S002,P0010,2024-01-14,121.27
S002,P0010,2024-01-15,147.66
S002,P0010,2024-01-16,126.65
S002,P0010,2024-01-17,140.72
S002,P0010,2024-01-18,129.21
S002,P0010,2024-01-19,136.75
S002,P0010,2024-01-20,144.14
S002,P0010,2024-01-21,121.31
S002,P0010,2024-01-22,147.57
S002,P0010,2024-01-23,126.66
S002,P0010,2024-01-24,140.72
S002,P0010,2024-01-25,129.21
S002,P0010,2024-01-26,136.75
S002,P0010,2024-01-27,144.14
S002,P0010,2024-01-28,121.31
S002,P0010,2024-01-29,147.57
S002,P0010,2024-01-30,126.66
S002,P0010,2024-01-31,140.72
S002,P0011,2024-01-02,134.38
S002,P0011,2024-01-03,131.74
S002,P0011,2024-01-04,146.59
S002,P0011,2024-01-05,133.01
S002,P0011,2024-01-06,131.27
S002,P0011,2024-01-07,138.16
S002,P0011,2024-01-08,140.75
S002,P0011,2024-01-09,127.66
S002,P0011,2024-01-10,134.61
S002,P0011,2024-01-11,145.4
S002,P0011,2024-01-12,133.1
S002,P0011,2024-01-13,130.84
S002,P0011,2024-01-14,138.41
S002,P0011,2024-01-15,140.4
S002,P0011,2024-01-16,127.69
S002,P0011,2024-01-17,134.6
S002,P0011,2024-01-18,145.4
S002,P0011,2024-01-19,133.1
S002,P0011,2024-01-20,130.84
S002,P0011,2024-01-21,138.41
S002,P0011,2024-01-22,140.4
S002,P0011,2024-01-23,127.69
S002,P0011,2024-01-24,134.6
S002,P0011,2024-01-25,145.4
S002,P0011,2024-01-26,133.1
S002,P0011,2024-01-27,130.84
S002,P0011,2024-01-28,138.41
S002,P0011,2024-01-29,140.4
S002,P0011,2024-01-30,127.69
S002,P0011,2024-01-31,134.6
S002,P0012,2024-01-02,136.29
S002,P0012,2024-01-03,137.41
S002,P0012,2024-01-04,145.21
S002,P0012,2024-01-05,149.64
S002,P0012,2024-01-06,145.17
S002,P0012,2024-01-07,145.55
S002,P0012,2024-01-08,127.66
S002,P0012,2024-01-09,124.53
S002,P0012,2024-01-10,151.36
S002,P0012,2024-01-11,140.63
S002,P0012,2024-01-12,141.25
S002,P0012,2024-01-13,157.22
S002,P0012,2024-01-14,140.1
S002,P0012,2024-01-15,122.9
S002,P0012,2024-01-16,134.49
S002,P0012,2024-01-17,145.1
S002,P0012,2024-01-18,138.44
S002,P0012,2024-01-19,149.05
S002,P0012,2024-01-20,150.99
S002,P0012,2024-01-21,139.79
S002,P0012,2024-01-22,128.7
S002,P0012,2024-01-23,128.7
S002,P0012,2024-01-24,146.09
S002,P0012,2024-01-25,142.5
S002,P0012,2024-01-26,143.93
S002,P0012,2024-01-27,152.78
S002,P0012,2024-01-28,142.39
S002,P0012,2024-01-29,124.39
S002,P0012,2024-01-30,130.92
S002,P0012,2024-01-31,147.54
S002,P0013,2024-01-02,140.07
S002,P0013,2024-01-03,142.37
S002,P0013,2024-01-04,109.87
S002,P0013,2024-01-05,136.47
S002,P0013,2024-01-06,136.27
S002,P0013,2024-01-07,153.3
S002,P0013,2024-01-08,131.83
S002,P0013,2024-01-09,124.56
S002,P0013,2024-01-10,137.72
S002,P0013,2024-01-11,114.64
S002,P0013,2024-01-12,143.7
S002,P0013,2024-01-13,133.76
S002,P0013,2024-01-14,145.45
S002,P0013,2024-01-15,131.23
S002,P0013,2024-01-16,130.91
S002,P0013,2024-01-17,144.66
S002,P0013,2024-01-18,111.82
S002,P0013,2024-01-19,135.84
S002,P0013,2024-01-20,132.54
S002,P0013,2024-01-21,152.24
S002,P0013,2024-01-22,135.69
S002,P0013,2024-01-23,126.68
S002,P0013,2024-01-24,138.52
S002,P0013,2024-01-25,112.8
S002,P0013,2024-01-26,142.08
S002,P0013,2024-01-27,134.65
S002,P0013,2024-01-28,147.41
S002,P0013,2024-01-29,131.37
S002,P0013,2024-01-30,129.12
S002,P0013,2024-01-31,143.75
S002,P0014,2024-01-02,151.63
S002,P0014,2024-01-03,128.15
S002,P0014,2024-01-04,144.53
S002,P0014,2024-01-05,136.15
S002,P0014,2024-01-06,122.38
S002,P0014,2024-01-07,126.3
S002,P0014,2024-01-08,131.89
S002,P0014,2024-01-09,133.49
S002,P0014,2024-01-10,141.16
S002,P0014,2024-01-11,134.96
S002,P0014,2024-01-12,146.61
S002,P0014,2024-01-13,107.96
S002,P0014,2024-01-14,135.26
S002,P0014,2024-01-15,134.22
S002,P0014,2024-01-16,141.14
S002,P0014,2024-01-17,134.85
S002,P0014,2024-01-18,140.29
S002,P0014,2024-01-19,142.0
S002,P0014,2024-01-20,112.19
S002,P0014,2024-01-21,131.86
S002,P0014,2024-01-22,136.61
S002,P0014,2024-01-23,138.62
S002,P0014,2024-01-24,136.99
S002,P0014,2024-01-25,138.48
S002,P0014,2024-01-26,143.54
S002,P0014,2024-01-27,110.87
S002,P0014,2024-01-28,132.97
S002,P0014,2024-01-29,135.68
S002,P0014,2024-01-30,139.43
S002,P0014,2024-01-31,136.3
S002,P0015,2024-01-02,135.92
S002,P0015,2024-01-03,148.59
S002,P0015,2024-01-04,137.6
S002,P0015,2024-01-05,127.52
S002,P0015,2024-01-06,121.01
S002,P0015,2024-01-07,130.1
S002,P0015,2024-01-08,113.17
S002,P0015,2024-01-09,135.63
S002,P0015,2024-01-10,148.32
S002,P0015,2024-01-11,136.84
S002,P0015,2024-01-12,128.54
S002,P0015,2024-01-13,122.5
S002,P0015,2024-01-14,131.41
S002,P0015,2024-01-15,112.35
S002,P0015,2024-01-16,135.63
S002,P0015,2024-01-17,148.31
S002,P0015,2024-01-18,136.83
S002,P0015,2024-01-19,128.56
S002,P0015,2024-01-20,122.52
S002,P0015,2024-01-21,131.43
S002,P0015,2024-01-22,112.33
S002,P0015,2024-01-23,135.63
S002,P0015,2024-01-24,148.31
S002,P0015,2024-01-25,136.83
S002,P0015,2024-01-26,128.56
S002,P0015,2024-01-27,122.53
S002,P0015,2024-01-28,131.43
S002,P0015,2024-01-29,112.33
S002,P0015,2024-01-30,135.63
S002,P0015,2024-01-31,148.31
S002,P0016,2024-01-02,129.36
S002,P0016,2024-01-03,134.37
S002,P0016,2024-01-04,157.02
S002,P0016,2024-01-05,137.14
S002,P0016,2024-01-06,145.0
S002,P0016,2024-01-07,141.23
S002,P0016,2024-01-08,126.54
S002,P0016,2024-01-09,130.2
S002,P0016,2024-01-10,131.17
S002,P0016,2024-01-11,156.26
S002,P0016,2024-01-12,135.68
S002,P0016,2024-01-13,153.41
S002,P0016,2024-01-14,135.24
S002,P0016,2024-01-15,127.39
S002,P0016,2024-01-16,129.4
S002,P0016,2024-01-17,131.45
S002,P0016,2024-01-18,156.68
S002,P0016,2024-01-19,134.81
S002,P0016,2024-01-20,154.52
S002,P0016,2024-01-21,133.69
S002,P0016,2024-01-22,129.36
S002,P0016,2024-01-23,127.28
S002,P0016,2024-01-24,133.61
S002,P0016,2024-01-25,154.57
S002,P0016,2024-01-26,136.75
S002,P0016,2024-01-27,152.84
S002,P0016,2024-01-28,135.04
S002,P0016,2024-01-29,128.38
S002,P0016,2024-01-30,127.85
S002,P0016,2024-01-31,133.46
S002,P0017,2024-01-02,142.7
S002,P0017,2024-01-03,135.36
S002,P0017,2024-01-04,150.77
S002,P0017,2024-01-05,125.83
S002,P0017,2024-01-06,113.23
S002,P0017,2024-01-07,138.85
S002,P0017,2024-01-08,123.16
S002,P0017,2024-01-09,136.41
S002,P0017,2024-01-10,139.85
S002,P0017,2024-01-11,142.99
S002,P0017,2024-01-12,128.55
S002,P0017,2024-01-13,114.23
S002,P0017,2024-01-14,133.25
S002,P0017,2024-01-15,127.27
S002,P0017,2024-01-16,136.16
S002,P0017,2024-01-17,140.03
S002,P0017,2024-01-18,142.7
S002,P0017,2024-01-19,128.65
S002,P0017,2024-01-20,114.26
S002,P0017,2024-01-21,133.05
S002,P0017,2024-01-22,127.43
S002,P0017,2024-01-23,136.15
S002,P0017,2024-01-24,140.03
S002,P0017,2024-01-25,142.69
S002,P0017,2024-01-26,128.66
S002,P0017,2024-01-27,114.26
S002,P0017,2024-01-28,133.04
S002,P0017,2024-01-29,127.43
S002,P0017,2024-01-30,136.15
S002,P0017,2024-01-31,140.03
S002,P0018,2024-01-02,121.39
S002,P0018,2024-01-03,160.53
S002,P0018,2024-01-04,135.3
S002,P0018,2024-01-05,139.24
S002,P0018,2024-01-06,133.32
S002,P0018,2024-01-07,148.22
S002,P0018,2024-01-08,145.48
S002,P0018,2024-01-09,136.3
S002,P0018,2024-01-10,145.92
S002,P0018,2024-01-11,144.04
S002,P0018,2024-01-12,128.84
S002,P0018,2024-01-13,146.24
S002,P0018,2024-01-14,139.87
S002,P0018,2024-01-15,148.79
S002,P0018,2024-01-16,130.09
S002,P0018,2024-01-17,151.49
S002,P0018,2024-01-18,139.01
S002,P0018,2024-01-19,133.44
S002,P0018,2024-01-20,141.95
S002,P0018,2024-01-21,143.69
S002,P0018,2024-01-22,145.42
S002,P0018,2024-01-23,133.24
S002,P0018,2024-01-24,148.62
S002,P0018,2024-01-25,141.62
S002,P0018,2024-01-26,131.06
S002,P0018,2024-01-27,144.11
S002,P0018,2024-01-28,141.71
S002,P0018,2024-01-29,147.21
S002,P0018,2024-01-30,131.6
S002,P0018,2024-01-31,150.11
S002,P0019,2024-01-02,132.03
S002,P0019,2024-01-03,135.94
S002,P0019,2024-01-04,143.57
S002,P0019,2024-01-05,143.38
S002,P0019,2024-01-06,120.08
S002,P0019,2024-01-07,108.13
S002,P0019,2024-01-08,131.03
S002,P0019,2024-01-09,129.63
S002,P0019,2024-01-10,131.59
S002,P0019,2024-01-11,151.42
S002,P0019,2024-01-12,144.94
S002,P0019,2024-01-13,116.43
S002,P0019,2024-01-14,111.89
S002,P0019,2024-01-15,134.26
S002,P0019,2024-01-16,128.99
S002,P0019,2024-01-17,131.19
S002,P0019,2024-01-18,151.83
S002,P0019,2024-01-19,145.02
S002,P0019,2024-01-20,116.15
S002,P0019,2024-01-21,111.87
S002,P0019,2024-01-22,134.38
S002,P0019,2024-01-23,128.91
S002,P0019,2024-01-24,131.12
S002,P0019,2024-01-25,151.9
S002,P0019,2024-01-26,145.04
S002,P0019,2024-01-27,116.1
S002,P0019,2024-01-28,111.88
S002,P0019,2024-01-29,134.41
S002,P0019,2024-01-30,128.9
S002,P0019,2024-01-31,131.11
S002,P0020,2024-01-02,154.14
S002,P0020,2024-01-03,152.66
S002,P0020,2024-01-04,120.51
S002,P0020,2024-01-05,125.18
S002,P0020,2024-01-06,158.27
S002,P0020,2024-01-07,140.51
S002,P0020,2024-01-08,136.83
S002,P0020,2024-01-09,149.18
S002,P0020,2024-01-10,166.3
S002,P0020,2024-01-11,118.57
S002,P0020,2024-01-12,129.59
S002,P0020,2024-01-13,157.35
S002,P0020,2024-01-14,143.75
S002,P0020,2024-01-15,137.29
S002,P0020,2024-01-16,150.63
S002,P0020,2024-01-17,165.04
S002,P0020,2024-01-18,119.23
S002,P0020,2024-01-19,129.06
S002,P0020,2024-01-20,157.65
S002,P0020,2024-01-21,143.48
S002,P0020,2024-01-22,137.41
S002,P0020,2024-01-23,150.5
S002,P0020,2024-01-24,165.13
S002,P0020,2024-01-25,119.18
S002,P0020,2024-01-26,129.1
S002,P0020,2024-01-27,157.63
S002,P0020,2024-01-28,143.5
S002,P0020,2024-01-29,137.4
S002,P0020,2024-01-30,150.51
S002,P0020,2024-01-31,165.13
S003,P0001,2024-01-02,123.95
S003,P0001,2024-01-03,135.91
S003,P0001,2024-01-04,122.03
S003,P0001,2024-01-05,135.34
S003,P0001,2024-01-06,131.99
S003,P0001,2024-01-07,127.2
S003,P0001,2024-01-08,119.99
S003,P0001,2024-01-09,123.66
S003,P0001,2024-01-10,136.47
S003,P0001,2024-01-11,121.44
S003,P0001,2024-01-12,135.43
S003,P0001,2024-01-13,132.37
S003,P0001,2024-01-14,127.59
S003,P0001,2024-01-15,120.01
S003,P0001,2024-01-16,123.66
S003,P0001,2024-01-17,136.48
S003,P0001,2024-01-18,121.44
S003,P0001,2024-01-19,135.43
S003,P0001,2024-01-20,132.37
S003,P0001,2024-01-21,127.59
S003,P0001,2024-01-22,120.01
S003,P0001,2024-01-23,123.66
S003,P0001,2024-01-24,136.48
S003,P0001,2024-01-25,121.44
S003,P0001,2024-01-26,135.43
S003,P0001,2024-01-27,132.37
S003,P0001,2024-01-28,127.59
S003,P0001,2024-01-29,120.01
S003,P0001,2024-01-30,123.66
S003,P0001,2024-01-31,136.48
S003,P0002,2024-01-02,129.89
S003,P0002,2024-01-03,142.08
S003,P0002,2024-01-04,170.0
S003,P0002,2024-01-05,143.94
S003,P0002,2024-01-06,132.31
S003,P0002,2024-01-07,137.58
S003,P0002,2024-01-08,126.16
S003,P0002,2024-01-09,137.27
S003,P0002,2024-01-10,147.36
S003,P0002,2024-01-11,164.35
S003,P0002,2024-01-12,149.82
S003,P0002,2024-01-13,135.03
S003,P0002,2024-01-14,137.47
S003,P0002,2024-01-15,129.7
S003,P0002,2024-01-16,138.41
S003,P0002,2024-01-17,145.0
S003,P0002,2024-01-18,165.41
S003,P0002,2024-01-19,150.56
S003,P0002,2024-01-20,133.55
S003,P0002,2024-01-21,138.04
S003,P0002,2024-01-22,130.2
S003,P0002,2024-01-23,137.5
S003,P0002,2024-01-24,145.38
S003,P0002,2024-01-25,165.76
S003,P0002,2024-01-26,149.99
S003,P0002,2024-01-27,133.78
S003,P0002,2024-01-28,138.27
S003,P0002,2024-01-29,129.84
S003,P0002,2024-01-30,137.63
S003,P0002,2024-01-31,145.54
S003,P0003,2024-01-02,120.57
S003,P0003,2024-01-03,125.61
S003,P0003,2024-01-04,146.38
S003,P0003,2024-01-05,124.82
S003,P0003,2024-01-06,129.14
S003,P0003,2024-01-07,86.22
S003,P0003,2024-01-08,126.49
S003,P0003,2024-01-09,137.37
S003,P0003,2024-01-10,122.41
S003,P0003,2024-01-11,153.24
S003,P0003,2024-01-12,117.08
S003,P0003,2024-01-13,136.65
S003,P0003,2024-01-14,89.05
S003,P0003,2024-01-15,118.37
S003,P0003,2024-01-16,138.18
S003,P0003,2024-01-17,124.27
S003,P0003,2024-01-18,152.67
S003,P0003,2024-01-19,116.2
S003,P0003,2024-01-20,134.56
S003,P0003,2024-01-21,88.45
S003,P0003,2024-01-22,119.89
S003,P0003,2024-01-23,139.43
S003,P0003,2024-01-24,124.75
S003,P0003,2024-01-25,152.25
S003,P0003,2024-01-26,115.22
S003,P0003,2024-01-27,134.0
S003,P0003,2024-01-28,88.63
S003,P0003,2024-01-29,120.54
S003,P0003,2024-01-30,140.05
S003,P0003,2024-01-31,124.82
S003,P0004,2024-01-02,131.01
S003,P0004,2024-01-03,120.22
S003,P0004,2024-01-04,125.07
S003,P0004,2024-01-05,138.34
S003,P0004,2024-01-06,145.17
S003,P0004,2024-01-07,140.12
S003,P0004,2024-01-08,121.32
S003,P0004,2024-01-09,132.49
S003,P0004,2024-01-10,122.0
S003,P0004,2024-01-11,124.38
S003,P0004,2024-01-12,138.42
S003,P0004,2024-01-13,146.03
S003,P0004,2024-01-14,139.9
S003,P0004,2024-01-15,122.88
S003,P0004,2024-01-16,132.45
S003,P0004,2024-01-17,122.47
S003,P0004,2024-01-18,124.28
S003,P0004,2024-01-19,138.74
S003,P0004,2024-01-20,145.93
S003,P0004,2024-01-21,140.13
S003,P0004,2024-01-22,122.79
S003,P0004,2024-01-23,132.62
S003,P0004,2024-01-24,122.38
S003,P0004,2024-01-25,124.41
S003,P0004,2024-01-26,138.67
S003,P0004,2024-01-27,146.03
S003,P0004,2024-01-28,140.07
S003,P0004,2024-01-29,122.87
S003,P0004,2024-01-30,132.57
S003,P0004,2024-01-31,122.44
S003,P0005,2024-01-02,124.69
S003,P0005,2024-01-03,143.79
S003,P0005,2024-01-04,134.71
S003,P0005,2024-01-05,123.29
S003,P0005,2024-01-06,123.84
S003,P0005,2024-01-07,154.53
S003,P0005,2024-01-08,146.3
S003,P0005,2024-01-09,135.65
S003,P0005,2024-01-10,138.9
S003,P0005,2024-01-11,136.25
S003,P0005,2024-01-12,124.73
S003,P0005,2024-01-13,131.65
S003,P0005,2024-01-14,147.1
S003,P0005,2024-01-15,153.38
S003,P0005,2024-01-16,133.44
S003,P0005,2024-01-17,140.68
S003,P0005,2024-01-18,134.77
S003,P0005,2024-01-19,125.94
S003,P0005,2024-01-20,130.27
S003,P0005,2024-01-21,148.33
S003,P0005,2024-01-22,152.27
S003,P0005,2024-01-23,134.28
S003,P0005,2024-01-24,139.95
S003,P0005,2024-01-25,135.42
S003,P0005,2024-01-26,125.37
S003,P0005,2024-01-27,130.78
S003,P0005,2024-01-28,147.88
S003,P0005,2024-01-29,152.67
S003,P0005,2024-01-30,133.94
S003,P0005,2024-01-31,140.25
S003,P0006,2024-01-02,143.64
S003,P0006,2024-01-03,123.63
S003,P0006,2024-01-04,140.14
S003,P0006,2024-01-05,136.9
S003,P0006,2024-01-06,157.34
S003,P0006,2024-01-07,131.92
S003,P0006,2024-01-08,126.37
S003,P0006,2024-01-09,155.01
S003,P0006,2024-01-10,130.94
S003,P0006,2024-01-11,139.07
S003,P0006,2024-01-12,138.14
S003,P0006,2024-01-13,156.44
S003,P0006,2024-01-14,129.76
S003,P0006,2024-01-15,122.83
S003,P0006,2024-01-16,155.21
S003,P0006,2024-01-17,131.05
S003,P0006,2024-01-18,139.06
S003,P0006,2024-01-19,138.16
S003,P0006,2024-01-20,156.43
S003,P0006,2024-01-21,129.73
S003,P0006,2024-01-22,122.77
S003,P0006,2024-01-23,155.21
S003,P0006,2024-01-24,131.05
S003,P0006,2024-01-25,139.06
S003,P0006,2024-01-26,138.16
S003,P0006,2024-01-27,156.43
S003,P0006,2024-01-28,129.73
S003,P0006,2024-01-29,122.77
S003,P0006,2024-01-30,155.21
S003,P0006,2024-01-31,131.05
S003,P0007,2024-01-02,143.22
S003,P0007,2024-01-03,147.29
S003,P0007,2024-01-04,124.56
S003,P0007,2024-01-05,128.21
S003,P0007,2024-01-06,131.11
S003,P0007,2024-01-07,162.27
S003,P0007,2024-01-08,134.48
S003,P0007,2024-01-09,149.32
S003,P0007,2024-01-10,147.3
S003,P0007,2024-01-11,127.72
S003,P0007,2024-01-12,127.26
S003,P0007,2024-01-13,130.84
S003,P0007,2024-01-14,159.18
S003,P0007,2024-01-15,133.38
S003,P0007,2024-01-16,149.13
S003,P0007,2024-01-17,147.3
S003,P0007,2024-01-18,127.63
S003,P0007,2024-01-19,127.28
S003,P0007,2024-01-20,130.85
S003,P0007,2024-01-21,159.26
S003,P0007,2024-01-22,133.41
S003,P0007,2024-01-23,149.14
S003,P0007,2024-01-24,147.3
S003,P0007,2024-01-25,127.63
S003,P0007,2024-01-26,127.28
S003,P0007,2024-01-27,130.85
S003,P0007,2024-01-28,159.26
S003,P0007,2024-01-29,133.41
S003,P0007,2024-01-30,149.14
S003,P0007,2024-01-31,147.3
S003,P0008,2024-01-02,139.66
S003,P0008,2024-01-03,136.66
S003,P0008,2024-01-04,124.0
S003,P0008,2024-01-05,136.88
S003,P0008,2024-01-06,132.16
S003,P0008,2024-01-07,126.77
S003,P0008,2024-01-08,153.27
S003,P0008,2024-01-09,122.57
S003,P0008,2024-01-10,135.1
S003,P0008,2024-01-11,140.37
S003,P0008,2024-01-12,119.7
S003,P0008,2024-01-13,136.9
S003,P0008,2024-01-14,136.68
S003,P0008,2024-01-15,135.71
S003,P0008,2024-01-16,130.32
S003,P0008,2024-01-17,141.81
S003,P0008,2024-01-18,126.04
S003,P0008,2024-01-19,129.24
S003,P0008,2024-01-20,139.46
S003,P0008,2024-01-21,125.25
S003,P0008,2024-01-22,145.87
S003,P0008,2024-01-23,129.63
S003,P0008,2024-01-24,133.38
S003,P0008,2024-01-25,135.86
S003,P0008,2024-01-26,126.18
S003,P0008,2024-01-27,133.91
S003,P0008,2024-01-28,134.07
S003,P0008,2024-01-29,141.28
S003,P0008,2024-01-30,126.64
S003,P0008,2024-01-31,140.79
S003,P0009,2024-01-02,139.52
S003,P0009,2024-01-03,135.72
S003,P0009,2024-01-04,143.05
S003,P0009,2024-01-05,128.62
S003,P0009,2024-01-06,141.94
S003,P0009,2024-01-07,141.11
S003,P0009,2024-01-08,147.26
S003,P0009,2024-01-09,152.94
S003,P0009,2024-01-10,136.84
S003,P0009,2024-01-11,138.51
S003,P0009,2024-01-12,124.37
S003,P0009,2024-01-13,140.73
S003,P0009,2024-01-14,141.93
S003,P0009,2024-01-15,148.21
S003,P0009,2024-01-16,153.53
S003,P0009,2024-01-17,136.77
S003,P0009,2024-01-18,138.19
S003,P0009,2024-01-19,124.15
S003,P0009,2024-01-20,140.69
S003,P0009,2024-01-21,141.99
S003,P0009,2024-01-22,148.27
S003,P0009,2024-01-23,153.55
S003,P0009,2024-01-24,136.76
S003,P0009,2024-01-25,138.18
S003,P0009,2024-01-26,124.14
S003,P0009,2024-01-27,140.69
S003,P0009,2024-01-28,142.0
S003,P0009,2024-01-29,148.28
S003,P0009,2024-01-30,153.55
S003,P0009,2024-01-31,136.76
S003,P0010,2024-01-02,128.79
S003,P0010,2024-01-03,134.34
S003,P0010,2024-01-04,139.0
S003,P0010,2024-01-05,117.96
S003,P0010,2024-01-06,142.11
S003,P0010,2024-01-07,135.9
S003,P0010,2024-01-08,157.28
S003,P0010,2024-01-09,142.9
S003,P0010,2024-01-10,134.35
S003,P0010,2024-01-11,136.33
S003,P0010,2024-01-12,113.84
S003,P0010,2024-01-13,147.88
S003,P0010,2024-01-14,136.12
S003,P0010,2024-01-15,145.41
S003,P0010,2024-01-16,143.57
S003,P0010,2024-01-17,134.4
S003,P0010,2024-01-18,136.21
S003,P0010,2024-01-19,113.63
S003,P0010,2024-01-20,148.16
S003,P0010,2024-01-21,136.13
S003,P0010,2024-01-22,144.84
S003,P0010,2024-01-23,143.6
S003,P0010,2024-01-24,134.41
S003,P0010,2024-01-25,136.21
S003,P0010,2024-01-26,113.62
S003,P0010,2024-01-27,148.17
S003,P0010,2024-01-28,136.13
S003,P0010,2024-01-29,144.81
S003,P0010,2024-01-30,143.6
S003,P0010,2024-01-31,134.41
S003,P0011,2024-01-02,155.88
S003,P0011,2024-01-03,125.13
S003,P0011,2024-01-04,149.16
S003,P0011,2024-01-05,138.71
S003,P0011,2024-01-06,159.72
S003,P0011,2024-01-07,135.48
S003,P0011,2024-01-08,128.42
S003,P0011,2024-01-09,145.78
S003,P0011,2024-01-10,114.09
S003,P0011,2024-01-11,137.52
S003,P0011,2024-01-12,130.33
S003,P0011,2024-01-13,156.76
S003,P0011,2024-01-14,136.6
S003,P0011,2024-01-15,135.34
S003,P0011,2024-01-16,155.2
S003,P0011,2024-01-17,123.81
S003,P0011,2024-01-18,145.18
S003,P0011,2024-01-19,134.25
S003,P0011,2024-01-20,156.22
S003,P0011,2024-01-21,131.98
S003,P0011,2024-01-22,127.99
S003,P0011,2024-01-23,147.02
S003,P0011,2024-01-24,116.79
S003,P0011,2024-01-25,140.93
S003,P0011,2024-01-26,133.62
S003,P0011,2024-01-27,159.14
S003,P0011,2024-01-28,137.55
S003,P0011,2024-01-29,134.73
S003,P0011,2024-01-30,153.27
S003,P0011,2024-01-31,121.08
S003,P0012,2024-01-02,153.19
S003,P0012,2024-01-03,128.72
S003,P0012,2024-01-04,137.73
S003,P0012,2024-01-05,122.96
S003,P0012,2024-01-06,130.83
S003,P0012,2024-01-07,151.15
S003,P0012,2024-01-08,123.47
S003,P0012,2024-01-09,153.09
S003,P0012,2024-01-10,130.14
S003,P0012,2024-01-11,136.9
S003,P0012,2024-01-12,122.79
S003,P0012,2024-01-13,131.25
S003,P0012,2024-01-14,151.33
S003,P0012,2024-01-15,123.49
S003,P0012,2024-01-16,153.14
S003,P0012,2024-01-17,130.14
S003,P0012,2024-01-18,136.88
S003,P0012,2024-01-19,122.8
S003,P0012,2024-01-20,131.25
S003,P0012,2024-01-21,151.33
S003,P0012,2024-01-22,123.49
S003,P0012,2024-01-23,153.14
S003,P0012,2024-01-24,130.14
S003,P0012,2024-01-25,136.88
S003,P0012,2024-01-26,122.8
S003,P0012,2024-01-27,131.25
S003,P0012,2024-01-28,151.33
S003,P0012,2024-01-29,123.49
S003,P0012,2024-01-30,153.14
S003,P0012,2024-01-31,130.14
S003,P0013,2024-01-02,154.33
S003,P0013,2024-01-03,146.74
S003,P0013,2024-01-04,140.79
S003,P0013,2024-01-05,158.8
S003,P0013,2024-01-06,140.21
S003,P0013,2024-01-07,147.84
S003,P0013,2024-01-08,143.19
S003,P0013,2024-01-09,151.17
S003,P0013,2024-01-10,150.0
S003,P0013,2024-01-11,141.41
S003,P0013,2024-01-12,156.6
S003,P0013,2024-01-13,139.83
S003,P0013,2024-01-14,149.0
S003,P0013,2024-01-15,142.79
S003,P0013,2024-01-16,150.24
S003,P0013,2024-01-17,150.44
S003,P0013,2024-01-18,141.93
S003,P0013,2024-01-19,156.13
S003,P0013,2024-01-20,139.61
S003,P0013,2024-01-21,149.39
S003,P0013,2024-01-22,142.84
S003,P0013,2024-01-23,149.95
S003,P0013,2024-01-24,150.5
S003,P0013,2024-01-25,142.12
S003,P0013,2024-01-26,156.04
S003,P0013,2024-01-27,139.51
S003,P0013,2024-01-28,149.49
S003,P0013,2024-01-29,142.88
S003,P0013,2024-01-30,149.87
S003,P0013,2024-01-31,150.49
S003,P0014,2024-01-02,141.14
S003,P0014,2024-01-03,148.0
S003,P0014,2024-01-04,140.43
S003,P0014,2024-01-05,142.99
S003,P0014,2024-01-06,146.87
S003,P0014,2024-01-07,134.79
S003,P0014,2024-01-08,151.64
S003,P0014,2024-01-09,142.59
S003,P0014,2024-01-10,143.1
S003,P0014,2024-01-11,145.86
S003,P0014,2024-01-12,145.41
S003,P0014,2024-01-13,144.11
S003,P0014,2024-01-14,133.82
S003,P0014,2024-01-15,149.36
S003,P0014,2024-01-16,142.88
S003,P0014,2024-01-17,143.17
S003,P0014,2024-01-18,145.51
S003,P0014,2024-01-19,145.36
S003,P0014,2024-01-20,144.29
S003,P0014,2024-01-21,133.85
S003,P0014,2024-01-22,149.39
S003,P0014,2024-01-23,142.87
S003,P0014,2024-01-24,143.19
S003,P0014,2024-01-25,145.52
S003,P0014,2024-01-26,145.35
S003,P0014,2024-01-27,144.28
S003,P0014,2024-01-28,133.86
S003,P0014,2024-01-29,149.39
S003,P0014,2024-01-30,142.87
S003,P0014,2024-01-31,143.19
S003,P0015,2024-01-02,137.7
S003,P0015,2024-01-03,119.55
S003,P0015,2024-01-04,145.85
S003,P0015,2024-01-05,124.98
S003,P0015,2024-01-06,145.28
S003,P0015,2024-01-07,142.37
S003,P0015,2024-01-08,146.58
S003,P0015,2024-01-09,136.02
S003,P0015,2024-01-10,119.83
S003,P0015,2024-01-11,145.72
S003,P0015,2024-01-12,126.5
S003,P0015,2024-01-13,145.93
S003,P0015,2024-01-14,141.6
S003,P0015,2024-01-15,146.82
S003,P0015,2024-01-16,136.04
S003,P0015,2024-01-17,119.83
S003,P0015,2024-01-18,145.72
S003,P0015,2024-01-19,126.48
S003,P0015,2024-01-20,145.92
S003,P0015,2024-01-21,141.61
S003,P0015,2024-01-22,146.81
S003,P0015,2024-01-23,136.04
S003,P0015,2024-01-24,119.83
S003,P0015,2024-01-25,145.72
S003,P0015,2024-01-26,126.48
S003,P0015,2024-01-27,145.92
S003,P0015,2024-01-28,141.61
S003,P0015,2024-01-29,146.81
S003,P0015,2024-01-30,136.04
S003,P0015,2024-01-31,119.83
S003,P0016,2024-01-02,144.22
S003,P0016,2024-01-03,131.29
S003,P0016,2024-01-04,141.11
S003,P0016,2024-01-05,144.63
S003,P0016,2024-01-06,140.06
S003,P0016,2024-01-07,156.31
S003,P0016,2024-01-08,139.91
S003,P0016,2024-01-09,141.89
S003,P0016,2024-01-10,137.14
S003,P0016,2024-01-11,138.48
S003,P0016,2024-01-12,139.57
S003,P0016,2024-01-13,143.11
S003,P0016,2024-01-14,150.64
S003,P0016,2024-01-15,140.28
S003,P0016,2024-01-16,141.97
S003,P0016,2024-01-17,136.92
S003,P0016,2024-01-18,138.57
S003,P0016,2024-01-19,139.76
S003,P0016,2024-01-20,143.0
S003,P0016,2024-01-21,150.84
S003,P0016,2024-01-22,140.27
S003,P0016,2024-01-23,141.97
S003,P0016,2024-01-24,136.93
S003,P0016,2024-01-25,138.57
S003,P0016,2024-01-26,139.75
S003,P0016,2024-01-27,143.01
S003,P0016,2024-01-28,150.84
S003,P0016,2024-01-29,140.27
S003,P0016,2024-01-30,141.97
S003,P0016,2024-01-31,136.93
S003,P0017,2024-01-02,137.42
S003,P0017,2024-01-03,125.76
S003,P0017,2024-01-04,129.06
S003,P0017,2024-01-05,165.38
S003,P0017,2024-01-06,126.96
S003,P0017,2024-01-07,147.51
S003,P0017,2024-01-08,162.22
S003,P0017,2024-01-09,143.07
S003,P0017,2024-01-10,122.37
S003,P0017,2024-01-11,138.33
S003,P0017,2024-01-12,164.08
S003,P0017,2024-01-13,124.64
S003,P0017,2024-01-14,146.64
S003,P0017,2024-01-15,157.84
S003,P0017,2024-01-16,142.61
S003,P0017,2024-01-17,124.0
S003,P0017,2024-01-18,137.62
S003,P0017,2024-01-19,165.28
S003,P0017,2024-01-20,124.52
S003,P0017,2024-01-21,147.56
S003,P0017,2024-01-22,157.83
S003,P0017,2024-01-23,143.33
S003,P0017,2024-01-24,123.68
S003,P0017,2024-01-25,138.21
S003,P0017,2024-01-26,165.0
S003,P0017,2024-01-27,124.96
S003,P0017,2024-01-28,147.32
S003,P0017,2024-01-29,158.17
S003,P0017,2024-01-30,143.12
S003,P0017,2024-01-31,123.98
S003,P0018,2024-01-02,148.52
S003,P0018,2024-01-03,127.26
S003,P0018,2024-01-04,134.47
S003,P0018,2024-01-05,120.19
S003,P0018,2024-01-06,138.55
S003,P0018,2024-01-07,155.92
S003,P0018,2024-01-08,123.74
S003,P0018,2024-01-09,143.92
S003,P0018,2024-01-10,124.92
S003,P0018,2024-01-11,130.38
S003,P0018,2024-01-12,125.13
S003,P0018,2024-01-13,134.08
S003,P0018,2024-01-14,150.62
S003,P0018,2024-01-15,127.02
S003,P0018,2024-01-16,144.08
S003,P0018,2024-01-17,125.0
S003,P0018,2024-01-18,130.52
S003,P0018,2024-01-19,124.96
S003,P0018,2024-01-20,134.23
S003,P0018,2024-01-21,150.8
S003,P0018,2024-01-22,126.91
S003,P0018,2024-01-23,144.07
S003,P0018,2024-01-24,125.0
S003,P0018,2024-01-25,130.52
S003,P0018,2024-01-26,124.97
S003,P0018,2024-01-27,134.23
S003,P0018,2024-01-28,150.79
S003,P0018,2024-01-29,126.91
S003,P0018,2024-01-30,144.07
S003,P0018,2024-01-31,125.0
S003,P0019,2024-01-02,121.91
S003,P0019,2024-01-03,152.68
S003,P0019,2024-01-04,160.1
S003,P0019,2024-01-05,135.69
S003,P0019,2024-01-06,149.89
S003,P0019,2024-01-07,130.68
S003,P0019,2024-01-08,148.65
S003,P0019,2024-01-09,123.66
S003,P0019,2024-01-10,151.28
S003,P0019,2024-01-11,161.03
S003,P0019,2024-01-12,134.71
S003,P0019,2024-01-13,150.35
S003,P0019,2024-01-14,131.12
S003,P0019,2024-01-15,148.94
S003,P0019,2024-01-16,123.65
S003,P0019,2024-01-17,151.29
S003,P0019,2024-01-18,161.02
S003,P0019,2024-01-19,134.72
S003,P0019,2024-01-20,150.35
S003,P0019,2024-01-21,131.11
S003,P0019,2024-01-22,148.94
S003,P0019,2024-01-23,123.65
S003,P0019,2024-01-24,151.29
S003,P0019,2024-01-25,161.02
S003,P0019,2024-01-26,134.72
S003,P0019,2024-01-27,150.35
S003,P0019,2024-01-28,131.11
S003,P0019,2024-01-29,148.94
S003,P0019,2024-01-30,123.65
S003,P0019,2024-01-31,151.29
S003,P0020,2024-01-02,135.64
S003,P0020,2024-01-03,158.85
S003,P0020,2024-01-04,131.83
S003,P0020,2024-01-05,137.92
S003,P0020,2024-01-06,132.25
S003,P0020,2024-01-07,143.44
S003,P0020,2024-01-08,126.94
S003,P0020,2024-01-09,132.91
S003,P0020,2024-01-10,163.67
S003,P0020,2024-01-11,126.35
S003,P0020,2024-01-12,141.99
S003,P0020,2024-01-13,124.47
S003,P0020,2024-01-14,145.79
S003,P0020,2024-01-15,125.51
S003,P0020,2024-01-16,137.11
S003,P0020,2024-01-17,159.76
S003,P0020,2024-01-18,129.99
S003,P0020,2024-01-19,138.65
S003,P0020,2024-01-20,127.65
S003,P0020,2024-01-21,142.96
S003,P0020,2024-01-22,128.12
S003,P0020,2024-01-23,134.64
S003,P0020,2024-01-24,162.04
S003,P0020,2024-01-25,127.88
S003,P0020,2024-01-26,140.59
S003,P0020,2024-01-27,125.85
S003,P0020,2024-01-28,144.62
S003,P0020,2024-01-29,126.58
S003,P0020,2024-01-30,136.06
S003,P0020,2024-01-31,160.73
S004,P0001,2024-01-02,145.78
S004,P0001,2024-01-03,91.78
S004,P0001,2024-01-04,132.25
S004,P0001,2024-01-05,141.5
S004,P0001,2024-01-06,143.05
S004,P0001,2024-01-07,158.5
S004,P0001,2024-01-08,139.2
S004,P0001,2024-01-09,146.1
S004,P0001,2024-01-10,110.04
S004,P0001,2024-01-11,137.71
S004,P0001,2024-01-12,137.19
S004,P0001,2024-01-13,139.88
S004,P0001,2024-01-14,159.09
S004,P0001,2024-01-15,140.01
S004,P0001,2024-01-16,146.32
S004,P0001,2024-01-17,109.71
S004,P0001,2024-01-18,137.53
S004,P0001,2024-01-19,137.25
S004,P0001,2024-01-20,139.96
S004,P0001,2024-01-21,159.09
S004,P0001,2024-01-22,139.99
S004,P0001,2024-01-23,146.31
S004,P0001,2024-01-24,109.71
S004,P0001,2024-01-25,137.54
S004,P0001,2024-01-26,137.25
S004,P0001,2024-01-27,139.96
S004,P0001,2024-01-28,159.09
S004,P0001,2024-01-29,139.99
S004,P0001,2024-01-30,146.31
S004,P0001,2024-01-31,109.71
S004,P0002,2024-01-02,129.41
S004,P0002,2024-01-03,147.39
S004,P0002,2024-01-04,140.62
S004,P0002,2024-01-05,104.72
S004,P0002,2024-01-06,113.32
S004,P0002,2024-01-07,132.54
S004,P0002,2024-01-08,110.17
S004,P0002,2024-01-09,134.87
S004,P0002,2024-01-10,148.5
S004,P0002,2024-01-11,136.43
S004,P0002,2024-01-12,103.85
S004,P0002,2024-01-13,115.9
S004,P0002,2024-01-14,133.28
S004,P0002,2024-01-15,107.79
S004,P0002,2024-01-16,134.14
S004,P0002,2024-01-17,149.97
S004,P0002,2024-01-18,137.0
S004,P0002,2024-01-19,102.83
S004,P0002,2024-01-20,115.46
S004,P0002,2024-01-21,133.98
S004,P0002,2024-01-22,108.13
S004,P0002,2024-01-23,133.65
S004,P0002,2024-01-24,149.72
S004,P0002,2024-01-25,137.33
S004,P0002,2024-01-26,103.02
S004,P0002,2024-01-27,115.22
S004,P0002,2024-01-28,133.84
S004,P0002,2024-01-29,108.29
S004,P0002,2024-01-30,133.76
S004,P0002,2024-01-31,149.61
S004,P0003,2024-01-02,132.13
S004,P0003,2024-01-03,138.39
S004,P0003,2024-01-04,154.61
S004,P0003,2024-01-05,117.27
S004,P0003,2024-01-06,128.24
S004,P0003,2024-01-07,122.19
S004,P0003,2024-01-08,125.18
S004,P0003,2024-01-09,118.59
S004,P0003,2024-01-10,141.35
S004,P0003,2024-01-11,148.32
S004,P0003,2024-01-12,122.4
S004,P0003,2024-01-13,122.98
S004,P0003,2024-01-14,127.13
S004,P0003,2024-01-15,120.21
S004,P0003,2024-01-16,123.36
S004,P0003,2024-01-17,136.72
S004,P0003,2024-01-18,152.82
S004,P0003,2024-01-19,118.03
S004,P0003,2024-01-20,127.22
S004,P0003,2024-01-21,123.0
S004,P0003,2024-01-22,124.22
S004,P0003,2024-01-23,119.47
S004,P0003,2024-01-24,140.5
S004,P0003,2024-01-25,149.15
S004,P0003,2024-01-26,121.6
S004,P0003,2024-01-27,123.75
S004,P0003,2024-01-28,126.37
S004,P0003,2024-01-29,120.95
S004,P0003,2024-01-30,122.65
S004,P0003,2024-01-31,137.41
S004,P0004,2024-01-02,100.35
S004,P0004,2024-01-03,141.1
S004,P0004,2024-01-04,125.52
S004,P0004,2024-01-05,144.74
S004,P0004,2024-01-06,127.15
S004,P0004,2024-01-07,130.49
S004,P0004,2024-01-08,136.96
S004,P0004,2024-01-09,105.66
S004,P0004,2024-01-10,141.88
S004,P0004,2024-01-11,125.14
S004,P0004,2024-01-12,141.66
S004,P0004,2024-01-13,130.94
S004,P0004,2024-01-14,128.73
S004,P0004,2024-01-15,141.28
S004,P0004,2024-01-16,105.83
S004,P0004,2024-01-17,141.91
S004,P0004,2024-01-18,125.13
S004,P0004,2024-01-19,141.56
S004,P0004,2024-01-20,131.07
S004,P0004,2024-01-21,128.67
S004,P0004,2024-01-22,141.42
S004,P0004,2024-01-23,105.84
S004,P0004,2024-01-24,141.91
S004,P0004,2024-01-25,125.13
S004,P0004,2024-01-26,141.56
S004,P0004,2024-01-27,131.07
S004,P0004,2024-01-28,128.67
S004,P0004,2024-01-29,141.42
S004,P0004,2024-01-30,105.84
S004,P0004,2024-01-31,141.91
S004,P0005,2024-01-02,138.74
S004,P0005,2024-01-03,137.58
S004,P0005,2024-01-04,124.86
S004,P0005,2024-01-05,133.72
S004,P0005,2024-01-06,142.13
S004,P0005,2024-01-07,131.64
S004,P0005,2024-01-08,133.13
S004,P0005,2024-01-09,140.4
S004,P0005,2024-01-10,140.78
S004,P0005,2024-01-11,123.49
S004,P0005,2024-01-12,133.72
S004,P0005,2024-01-13,142.39
S004,P0005,2024-01-14,131.46
S004,P0005,2024-01-15,133.01
S004,P0005,2024-01-16,140.4
S004,P0005,2024-01-17,140.73
S004,P0005,2024-01-18,123.51
S004,P0005,2024-01-19,133.72
S004,P0005,2024-01-20,142.39
S004,P0005,2024-01-21,131.46
S004,P0005,2024-01-22,133.01
S004,P0005,2024-01-23,140.4
S004,P0005,2024-01-24,140.73
S004,P0005,2024-01-25,123.51
S004,P0005,2024-01-26,133.72
S004,P0005,2024-01-27,142.39
S004,P0005,2024-01-28,131.46
S004,P0005,2024-01-29,133.01
S004,P0005,2024-01-30,140.4
S004,P0005,2024-01-31,140.73
S004,P0006,2024-01-02,138.93
S004,P0006,2024-01-03,154.49
S004,P0006,2024-01-04,147.71
S004,P0006,2024-01-05,142.01
S004,P0006,2024-01-06,145.85
S004,P0006,2024-01-07,133.3
S004,P0006,2024-01-08,129.13
S004,P0006,2024-01-09,135.66
S004,P0006,2024-01-10,153.06
S004,P0006,2024-01-11,147.54
S004,P0006,2024-01-12,141.14
S004,P0006,2024-01-13,146.94
S004,P0006,2024-01-14,133.21
S004,P0006,2024-01-15,128.95
S004,P0006,2024-01-16,135.54
S004,P0006,2024-01-17,153.12
S004,P0006,2024-01-18,147.49
S004,P0006,2024-01-19,141.17
S004,P0006,2024-01-20,146.93
S004,P0006,2024-01-21,133.22
S004,P0006,2024-01-22,128.94
S004,P0006,2024-01-23,135.54
S004,P0006,2024-01-24,153.12
S004,P0006,2024-01-25,147.49
S004,P0006,2024-01-26,141.17
S004,P0006,2024-01-27,146.93
S004,P0006,2024-01-28,133.22
S004,P0006,2024-01-29,128.94
S004,P0006,2024-01-30,135.54
S004,P0006,2024-01-31,153.12
S004,P0007,2024-01-02,131.99
S004,P0007,2024-01-03,105.78
S004,P0007,2024-01-04,135.71
S004,P0007,2024-01-05,130.58
S004,P0007,2024-01-06,125.82
S004,P0007,2024-01-07,146.89
S004,P0007,2024-01-08,132.69
S004,P0007,2024-01-09,131.72
S004,P0007,2024-01-10,104.88
S004,P0007,2024-01-11,138.04
S004,P0007,2024-01-12,131.73
S004,P0007,2024-01-13,126.59
S004,P0007,2024-01-14,145.5
S004,P0007,2024-01-15,133.31
S004,P0007,2024-01-16,132.12
S004,P0007,2024-01-17,103.97
S004,P0007,2024-01-18,137.98
S004,P0007,2024-01-19,132.64
S004,P0007,2024-01-20,126.28
S004,P0007,2024-01-21,144.73
S004,P0007,2024-01-22,133.9
S004,P0007,2024-01-23,132.66
S004,P0007,2024-01-24,103.19
S004,P0007,2024-01-25,137.74
S004,P0007,2024-01-26,133.49
S004,P0007,2024-01-27,126.19
S004,P0007,2024-01-28,143.92
S004,P0007,2024-01-29,134.29
S004,P0007,2024-01-30,133.31
S004,P0007,2024-01-31,102.56
S004,P0008,2024-01-02,139.72
S004,P0008,2024-01-03,141.02
S004,P0008,2024-01-04,147.23
S004,P0008,2024-01-05,115.9
S004,P0008,2024-01-06,139.04
S004,P0008,2024-01-07,131.25
S004,P0008,2024-01-08,135.5
S004,P0008,2024-01-09,135.6
S004,P0008,2024-01-10,137.98
S004,P0008,2024-01-11,149.13
S004,P0008,2024-01-12,117.31
S004,P0008,2024-01-13,138.66
S004,P0008,2024-01-14,132.3
S004,P0008,2024-01-15,132.32
S004,P0008,2024-01-16,135.48
S004,P0008,2024-01-17,137.91
S004,P0008,2024-01-18,149.15
S004,P0008,2024-01-19,117.33
S004,P0008,2024-01-20,138.66
S004,P0008,2024-01-21,132.31
S004,P0008,2024-01-22,132.28
S004,P0008,2024-01-23,135.48
S004,P0008,2024-01-24,137.91
S004,P0008,2024-01-25,149.15
S004,P0008,2024-01-26,117.33
S004,P0008,2024-01-27,138.66
S004,P0008,2024-01-28,132.31
S004,P0008,2024-01-29,132.28
S004,P0008,2024-01-30,135.48
S004,P0008,2024-01-31,137.91
S004,P0009,2024-01-02,147.93
S004,P0009,2024-01-03,139.54
S004,P0009,2024-01-04,133.28
S004,P0009,2024-01-05,137.6
S004,P0009,2024-01-06,112.27
S004,P0009,2024-01-07,143.43
S004,P0009,2024-01-08,139.08
S004,P0009,2024-01-09,142.29
S004,P0009,2024-01-10,132.64
S004,P0009,2024-01-11,136.62
S004,P0009,2024-01-12,138.23
S004,P0009,2024-01-13,112.81
S004,P0009,2024-01-14,146.18
S004,P0009,2024-01-15,132.52
S004,P0009,2024-01-16,143.59
S004,P0009,2024-01-17,134.47
S004,P0009,2024-01-18,136.49
S004,P0009,2024-01-19,137.27
S004,P0009,2024-01-20,112.3
S004,P0009,2024-01-21,146.4
S004,P0009,2024-01-22,133.38
S004,P0009,2024-01-23,143.51
S004,P0009,2024-01-24,134.04
S004,P0009,2024-01-25,136.34
S004,P0009,2024-01-26,137.46
S004,P0009,2024-01-27,112.5
S004,P0009,2024-01-28,146.38
S004,P0009,2024-01-29,133.22
S004,P0009,2024-01-30,143.46
S004,P0009,2024-01-31,134.11
S004,P0010,2024-01-02,123.19
S004,P0010,2024-01-03,148.0
S004,P0010,2024-01-04,116.11
S004,P0010,2024-01-05,126.21
S004,P0010,2024-01-06,144.31
S004,P0010,2024-01-07,139.17
S004,P0010,2024-01-08,130.04
S004,P0010,2024-01-09,125.0
S004,P0010,2024-01-10,150.09
S004,P0010,2024-01-11,115.52
S004,P0010,2024-01-12,125.53
S004,P0010,2024-01-13,145.84
S004,P0010,2024-01-14,138.43
S004,P0010,2024-01-15,129.78
S004,P0010,2024-01-16,124.91
S004,P0010,2024-01-17,150.09
S004,P0010,2024-01-18,115.55
S004,P0010,2024-01-19,125.53
S004,P0010,2024-01-20,145.81
S004,P0010,2024-01-21,138.44
S004,P0010,2024-01-22,129.78
S004,P0010,2024-01-23,124.91
S004,P0010,2024-01-24,150.09
S004,P0010,2024-01-25,115.55
S004,P0010,2024-01-26,125.53
S004,P0010,2024-01-27,145.81
S004,P0010,2024-01-28,138.44
S004,P0010,2024-01-29,129.78
S004,P0010,2024-01-30,124.91
S004,P0010,2024-01-31,150.09
S004,P0011,2024-01-02,140.17
S004,P0011,2024-01-03,132.29
S004,P0011,2024-01-04,138.38
S004,P0011,2024-01-05,128.05
S004,P0011,2024-01-06,146.1
S004,P0011,2024-01-07,139.76
S004,P0011,2024-01-08,159.42
S004,P0011,2024-01-09,125.2
S004,P0011,2024-01-10,143.92
S004,P0011,2024-01-11,126.87
S004,P0011,2024-01-12,140.39
S004,P0011,2024-01-13,136.25
S004,P0011,2024-01-14,149.19
S004,P0011,2024-01-15,149.19
S004,P0011,2024-01-16,134.58
S004,P0011,2024-01-17,135.06
S004,P0011,2024-01-18,135.25
S004,P0011,2024-01-19,132.46
S004,P0011,2024-01-20,143.74
S004,P0011,2024-01-21,142.1
S004,P0011,2024-01-22,155.9
S004,P0011,2024-01-23,128.23
S004,P0011,2024-01-24,141.06
S004,P0011,2024-01-25,129.57
S004,P0011,2024-01-26,137.82
S004,P0011,2024-01-27,138.66
S004,P0011,2024-01-28,146.91
S004,P0011,2024-01-29,151.36
S004,P0011,2024-01-30,132.52
S004,P0011,2024-01-31,137.0
S004,P0012,2024-01-02,120.06
S004,P0012,2024-01-03,136.3
S004,P0012,2024-01-04,130.52
S004,P0012,2024-01-05,154.03
S004,P0012,2024-01-06,153.87
S004,P0012,2024-01-07,117.99
S004,P0012,2024-01-08,105.21
S004,P0012,2024-01-09,123.46
S004,P0012,2024-01-10,134.14
S004,P0012,2024-01-11,132.94
S004,P0012,2024-01-12,153.75
S004,P0012,2024-01-13,153.57
S004,P0012,2024-01-14,117.84
S004,P0012,2024-01-15,106.43
S004,P0012,2024-01-16,123.02
S004,P0012,2024-01-17,134.56
S004,P0012,2024-01-18,132.63
S004,P0012,2024-01-19,154.05
S004,P0012,2024-01-20,153.33
S004,P0012,2024-01-21,118.03
S004,P0012,2024-01-22,106.29
S004,P0012,2024-01-23,123.15
S004,P0012,2024-01-24,134.46
S004,P0012,2024-01-25,132.72
S004,P0012,2024-01-26,153.98
S004,P0012,2024-01-27,153.39
S004,P0012,2024-01-28,117.99
S004,P0012,2024-01-29,106.33
S004,P0012,2024-01-30,123.12
S004,P0012,2024-01-31,134.49
S004,P0013,2024-01-02,122.42
S004,P0013,2024-01-03,121.86
S004,P0013,2024-01-04,133.17
S004,P0013,2024-01-05,135.29
S004,P0013,2024-01-06,127.19
S004,P0013,2024-01-07,136.59
S004,P0013,2024-01-08,119.58
S004,P0013,2024-01-09,125.39
S004,P0013,2024-01-10,124.48
S004,P0013,2024-01-11,124.59
S004,P0013,2024-01-12,130.98
S004,P0013,2024-01-13,137.25
S004,P0013,2024-01-14,131.87
S004,P0013,2024-01-15,112.31
S004,P0013,2024-01-16,125.78
S004,P0013,2024-01-17,123.9
S004,P0013,2024-01-18,125.4
S004,P0013,2024-01-19,130.99
S004,P0013,2024-01-20,136.85
S004,P0013,2024-01-21,132.0
S004,P0013,2024-01-22,112.83
S004,P0013,2024-01-23,125.68
S004,P0013,2024-01-24,123.99
S004,P0013,2024-01-25,125.31
S004,P0013,2024-01-26,131.02
S004,P0013,2024-01-27,136.85
S004,P0013,2024-01-28,132.01
S004,P0013,2024-01-29,112.79
S004,P0013,2024-01-30,125.7
S004,P0013,2024-01-31,123.98
S004,P0014,2024-01-02,141.97
S004,P0014,2024-01-03,146.86
S004,P0014,2024-01-04,136.39
S004,P0014,2024-01-05,136.51
S004,P0014,2024-01-06,141.62
S004,P0014,2024-01-07,142.71
S004,P0014,2024-01-08,144.26
S004,P0014,2024-01-09,148.07
S004,P0014,2024-01-10,145.53
S004,P0014,2024-01-11,136.35
S004,P0014,2024-01-12,136.25
S004,P0014,2024-01-13,141.86
S004,P0014,2024-01-14,143.19
S004,P0014,2024-01-15,144.02
S004,P0014,2024-01-16,148.17
S004,P0014,2024-01-17,145.49
S004,P0014,2024-01-18,136.36
S004,P0014,2024-01-19,136.24
S004,P0014,2024-01-20,141.86
S004,P0014,2024-01-21,143.19
S004,P0014,2024-01-22,144.02
S004,P0014,2024-01-23,148.17
S004,P0014,2024-01-24,145.49
S004,P0014,2024-01-25,136.36
S004,P0014,2024-01-26,136.24
S004,P0014,2024-01-27,141.86
S004,P0014,2024-01-28,143.19
S004,P0014,2024-01-29,144.02
S004,P0014,2024-01-30,148.17
S004,P0014,2024-01-31,145.49
S004,P0015,2024-01-02,130.49
S004,P0015,2024-01-03,137.11
S004,P0015,2024-01-04,128.65
S004,P0015,2024-01-05,149.62
S004,P0015,2024-01-06,144.03
S004,P0015,2024-01-07,119.0
S004,P0015,2024-01-08,144.08
S004,P0015,2024-01-09,133.9
S004,P0015,2024-01-10,135.95
S004,P0015,2024-01-11,130.83
S004,P0015,2024-01-12,151.29
S004,P0015,2024-01-13,145.64
S004,P0015,2024-01-14,119.42
S004,P0015,2024-01-15,146.67
S004,P0015,2024-01-16,133.96
S004,P0015,2024-01-17,135.94
S004,P0015,2024-01-18,130.87
S004,P0015,2024-01-19,151.32
S004,P0015,2024-01-20,145.67
S004,P0015,2024-01-21,119.43
S004,P0015,2024-01-22,146.72
S004,P0015,2024-01-23,133.96
S004,P0015,2024-01-24,135.94
S004,P0015,2024-01-25,130.87
S004,P0015,2024-01-26,151.32
S004,P0015,2024-01-27,145.67
S004,P0015,2024-01-28,119.43
S004,P0015,2024-01-29,146.72
S004,P0015,2024-01-30,133.96
S004,P0015,2024-01-31,135.94
S004,P0016,2024-01-02,156.71
S004,P0016,2024-01-03,130.49
S004,P0016,2024-01-04,156.99
S004,P0016,2024-01-05,131.22
S004,P0016,2024-01-06,158.32
S004,P0016,2024-01-07,132.64
S004,P0016,2024-01-08,142.11
S004,P0016,2024-01-09,150.65
S004,P0016,2024-01-10,133.0
S004,P0016,2024-01-11,152.92
S004,P0016,2024-01-12,133.14
S004,P0016,2024-01-13,155.78
S004,P0016,2024-01-14,135.09
S004,P0016,2024-01-15,142.08
S004,P0016,2024-01-16,151.31
S004,P0016,2024-01-17,132.52
S004,P0016,2024-01-18,153.33
S004,P0016,2024-01-19,132.84
S004,P0016,2024-01-20,156.03
S004,P0016,2024-01-21,134.88
S004,P0016,2024-01-22,142.21
S004,P0016,2024-01-23,151.2
S004,P0016,2024-01-24,132.61
S004,P0016,2024-01-25,153.26
S004,P0016,2024-01-26,132.89
S004,P0016,2024-01-27,155.99
S004,P0016,2024-01-28,134.91
S004,P0016,2024-01-29,142.19
S004,P0016,2024-01-30,151.22
S004,P0016,2024-01-31,132.59
S004,P0017,2024-01-02,148.11
S004,P0017,2024-01-03,126.49
S004,P0017,2024-01-04,112.98
S004,P0017,2024-01-05,131.79
S004,P0017,2024-01-06,151.62
S004,P0017,2024-01-07,150.15
S004,P0017,2024-01-08,140.32
S004,P0017,2024-01-09,141.96
S004,P0017,2024-01-10,127.28
S004,P0017,2024-01-11,113.3
S004,P0017,2024-01-12,132.48
S004,P0017,2024-01-13,147.8
S004,P0017,2024-01-14,150.5
S004,P0017,2024-01-15,142.23
S004,P0017,2024-01-16,141.89
S004,P0017,2024-01-17,127.28
S004,P0017,2024-01-18,113.29
S004,P0017,2024-01-19,132.5
S004,P0017,2024-01-20,147.74
S004,P0017,2024-01-21,150.5
S004,P0017,2024-01-22,142.26
S004,P0017,2024-01-23,141.89
S004,P0017,2024-01-24,127.28
S004,P0017,2024-01-25,113.29
S004,P0017,2024-01-26,132.5
S004,P0017,2024-01-27,147.74
S004,P0017,2024-01-28,150.5
S004,P0017,2024-01-29,142.26
S004,P0017,2024-01-30,141.89
S004,P0017,2024-01-31,127.28
S004,P0018,2024-01-02,121.01
S004,P0018,2024-01-03,145.64
S004,P0018,2024-01-04,121.48
S004,P0018,2024-01-05,123.3
S004,P0018,2024-01-06,113.31
S004,P0018,2024-01-07,141.53
S004,P0018,2024-01-08,114.29
S004,P0018,2024-01-09,131.66
S004,P0018,2024-01-10,155.19
S004,P0018,2024-01-11,119.61
S004,P0018,2024-01-12,121.05
S004,P0018,2024-01-13,113.14
S004,P0018,2024-01-14,144.01
S004,P0018,2024-01-15,118.95
S004,P0018,2024-01-16,127.12
S004,P0018,2024-01-17,154.03
S004,P0018,2024-01-18,123.47
S004,P0018,2024-01-19,123.7
S004,P0018,2024-01-20,110.54
S004,P0018,2024-01-21,140.77
S004,P0018,2024-01-22,120.32
S004,P0018,2024-01-23,130.32
S004,P0018,2024-01-24,154.09
S004,P0018,2024-01-25,120.63
S004,P0018,2024-01-26,122.68
S004,P0018,2024-01-27,112.74
S004,P0018,2024-01-28,142.43
S004,P0018,2024-01-29,118.93
S004,P0018,2024-01-30,128.35
S004,P0018,2024-01-31,154.67
S004,P0019,2024-01-02,141.05
S004,P0019,2024-01-03,151.52
S004,P0019,2024-01-04,140.97
S004,P0019,2024-01-05,145.17
S004,P0019,2024-01-06,118.3
S004,P0019,2024-01-07,139.42
S004,P0019,2024-01-08,124.12
S004,P0019,2024-01-09,139.73
S004,P0019,2024-01-10,151.23
S004,P0019,2024-01-11,140.56
S004,P0019,2024-01-12,146.16
S004,P0019,2024-01-13,117.15
S004,P0019,2024-01-14,139.09
S004,P0019,2024-01-15,123.34
S004,P0019,2024-01-16,139.79
S004,P0019,2024-01-17,151.2
S004,P0019,2024-01-18,140.58
S004,P0019,2024-01-19,146.14
S004,P0019,2024-01-20,117.16
S004,P0019,2024-01-21,139.09
S004,P0019,2024-01-22,123.35
S004,P0019,2024-01-23,139.78
S004,P0019,2024-01-24,151.2
S004,P0019,2024-01-25,140.58
S004,P0019,2024-01-26,146.14
S004,P0019,2024-01-27,117.16
S004,P0019,2024-01-28,139.09
S004,P0019,2024-01-29,123.35
S004,P0019,2024-01-30,139.78
S004,P0019,2024-01-31,151.2
S004,P0020,2024-01-02,136.18
S004,P0020,2024-01-03,152.29
S004,P0020,2024-01-04,133.47
S004,P0020,2024-01-05,128.85
S004,P0020,2024-01-06,118.08
S004,P0020,2024-01-07,132.69
S004,P0020,2024-01-08,155.69
S004,P0020,2024-01-09,133.06
S004,P0020,2024-01-10,145.87
S004,P0020,2024-01-11,133.99
S004,P0020,2024-01-12,132.12
S004,P0020,2024-01-13,118.41
S004,P0020,2024-01-14,131.58
S004,P0020,2024-01-15,155.9
S004,P0020,2024-01-16,133.07
S004,P0020,2024-01-17,147.07
S004,P0020,2024-01-18,134.6
S004,P0020,2024-01-19,131.68
S004,P0020,2024-01-20,117.78
S004,P0020,2024-01-21,131.51
S004,P0020,2024-01-22,156.27
S004,P0020,2024-01-23,133.33
S004,P0020,2024-01-24,146.94
S004,P0020,2024-01-25,134.36
S004,P0020,2024-01-26,131.63
S004,P0020,2024-01-27,117.91
S004,P0020,2024-01-28,131.62
S004,P0020,2024-01-29,156.24
S004,P0020,2024-01-30,133.24
S004,P0020,2024-01-31,146.91
S005,P0001,2024-01-02,138.07
S005,P0001,2024-01-03,133.48
S005,P0001,2024-01-04,151.69
S005,P0001,2024-01-05,121.36
S005,P0001,2024-01-06,119.22
S005,P0001,2024-01-07,123.06
S005,P0001,2024-01-08,131.99
S005,P0001,2024-01-09,140.52
S005,P0001,2024-01-10,130.69
S005,P0001,2024-01-11,152.58
S005,P0001,2024-01-12,121.61
S005,P0001,2024-01-13,119.85
S005,P0001,2024-01-14,124.76
S005,P0001,2024-01-15,130.83
S005,P0001,2024-01-16,140.66
S005,P0001,2024-01-17,130.71
S005,P0001,2024-01-18,152.66
S005,P0001,2024-01-19,121.65
S005,P0001,2024-01-20,119.9
S005,P0001,2024-01-21,124.82
S005,P0001,2024-01-22,130.83
S005,P0001,2024-01-23,140.68
S005,P0001,2024-01-24,130.72
S005,P0001,2024-01-25,152.67
S005,P0001,2024-01-26,121.66
S005,P0001,2024-01-27,119.91
S005,P0001,2024-01-28,124.82
S005,P0001,2024-01-29,130.83
S005,P0001,2024-01-30,140.69
S005,P0001,2024-01-31,130.73
S005,P0002,2024-01-02,146.0
S005,P0002,2024-01-03,132.15
S005,P0002,2024-01-04,148.49
S005,P0002,2024-01-05,130.66
S005,P0002,2024-01-06,131.38
S005,P0002,2024-01-07,142.74
S005,P0002,2024-01-08,125.98
S005,P0002,2024-01-09,133.97
S005,P0002,2024-01-10,129.75
S005,P0002,2024-01-11,147.3
S005,P0002,2024-01-12,131.35
S005,P0002,2024-01-13,131.18
S005,P0002,2024-01-14,141.57
S005,P0002,2024-01-15,126.24
S005,P0002,2024-01-16,133.83
S005,P0002,2024-01-17,129.72
S005,P0002,2024-01-18,147.29
S005,P0002,2024-01-19,131.36
S005,P0002,2024-01-20,131.18
S005,P0002,2024-01-21,141.56
S005,P0002,2024-01-22,126.24
S005,P0002,2024-01-23,133.83
S005,P0002,2024-01-24,129.72
S005,P0002,2024-01-25,147.29
S005,P0002,2024-01-26,131.36
S005,P0002,2024-01-27,131.18
S005,P0002,2024-01-28,141.56
S005,P0002,2024-01-29,126.24
S005,P0002,2024-01-30,133.83
S005,P0002,2024-01-31,129.72
S005,P0003,2024-01-02,143.98
S005,P0003,2024-01-03,196.56
S005,P0003,2024-01-04,170.64
S005,P0003,2024-01-05,112.85
S005,P0003,2024-01-06,114.48
S005,P0003,2024-01-07,151.71
S005,P0003,2024-01-08,165.06
S005,P0003,2024-01-09,149.35
S005,P0003,2024-01-10,137.86
S005,P0003,2024-01-11,132.64
S005,P0003,2024-01-12,143.85
S005,P0003,2024-01-13,166.35
S005,P0003,2024-01-14,151.11
S005,P0003,2024-01-15,120.4
S005,P0003,2024-01-16,125.19
S005,P0003,2024-01-17,164.69
S005,P0003,2024-01-18,168.75
S005,P0003,2024-01-19,139.44
S005,P0003,2024-01-20,131.72
S005,P0003,2024-01-21,136.26
S005,P0003,2024-01-22,143.31
S005,P0003,2024-01-23,150.86
S005,P0003,2024-01-24,158.15
S005,P0003,2024-01-25,142.27
S005,P0003,2024-01-26,130.94
S005,P0003,2024-01-27,150.76
S005,P0003,2024-01-28,154.18
S005,P0003,2024-01-29,136.01
S005,P0003,2024-01-30,130.91
S005,P0003,2024-01-31,153.85
S005,P0004,2024-01-02,147.52
S005,P0004,2024-01-03,135.47
S005,P0004,2024-01-04,121.88
S005,P0004,2024-01-05,138.07
S005,P0004,2024-01-06,132.43
S005,P0004,2024-01-07,145.15
S005,P0004,2024-01-08,140.48
S005,P0004,2024-01-09,143.09
S005,P0004,2024-01-10,134.87
S005,P0004,2024-01-11,122.14
S005,P0004,2024-01-12,137.15
S005,P0004,2024-01-13,131.65
S005,P0004,2024-01-14,142.56
S005,P0004,2024-01-15,138.77
S005,P0004,2024-01-16,142.6
S005,P0004,2024-01-17,134.3
S005,P0004,2024-01-18,121.7
S005,P0004,2024-01-19,136.75
S005,P0004,2024-01-20,131.33
S005,P0004,2024-01-21,142.29
S005,P0004,2024-01-22,138.54
S005,P0004,2024-01-23,142.38
S005,P0004,2024-01-24,134.12
S005,P0004,2024-01-25,121.53
S005,P0004,2024-01-26,136.6
S005,P0004,2024-01-27,131.2
S005,P0004,2024-01-28,142.18
S005,P0004,2024-01-29,138.45
S005,P0004,2024-01-30,142.3
S005,P0004,2024-01-31,134.04
S005,P0005,2024-01-02,134.78
S005,P0005,2024-01-03,141.88
S005,P0005,2024-01-04,149.54
S005,P0005,2024-01-05,144.25
S005,P0005,2024-01-06,153.42
S005,P0005,2024-01-07,157.56
S005,P0005,2024-01-08,148.33
S005,P0005,2024-01-09,138.14
S005,P0005,2024-01-10,130.38
S005,P0005,2024-01-11,144.89
S005,P0005,2024-01-12,144.44
S005,P0005,2024-01-13,149.79
S005,P0005,2024-01-14,144.98
S005,P0005,2024-01-15,131.59
S005,P0005,2024-01-16,142.12
S005,P0005,2024-01-17,146.94
S005,P0005,2024-01-18,146.86
S005,P0005,2024-01-19,128.61
S005,P0005,2024-01-20,142.0
S005,P0005,2024-01-21,157.01
S005,P0005,2024-01-22,142.38
S005,P0005,2024-01-23,134.05
S005,P0005,2024-01-24,133.69
S005,P0005,2024-01-25,150.12
S005,P0005,2024-01-26,142.5
S005,P0005,2024-01-27,143.59
S005,P0005,2024-01-28,144.1
S005,P0005,2024-01-29,136.37
S005,P0005,2024-01-30,144.47
S005,P0005,2024-01-31,143.07
S005,P0006,2024-01-02,140.9
S005,P0006,2024-01-03,142.68
S005,P0006,2024-01-04,148.83
S005,P0006,2024-01-05,136.77
S005,P0006,2024-01-06,123.9
S005,P0006,2024-01-07,134.53
S005,P0006,2024-01-08,141.8
S005,P0006,2024-01-09,122.97
S005,P0006,2024-01-10,137.28
S005,P0006,2024-01-11,150.93
S005,P0006,2024-01-12,139.37
S005,P0006,2024-01-13,124.99
S005,P0006,2024-01-14,131.63
S005,P0006,2024-01-15,141.21
S005,P0006,2024-01-16,122.64
S005,P0006,2024-01-17,137.19
S005,P0006,2024-01-18,150.97
S005,P0006,2024-01-19,139.41
S005,P0006,2024-01-20,125.01
S005,P0006,2024-01-21,131.58
S005,P0006,2024-01-22,141.2
S005,P0006,2024-01-23,122.63
S005,P0006,2024-01-24,137.18
S005,P0006,2024-01-25,150.97
S005,P0006,2024-01-26,139.41
S005,P0006,2024-01-27,125.01
S005,P0006,2024-01-28,131.58
S005,P0006,2024-01-29,141.2
S005,P0006,2024-01-30,122.63
S005,P0006,2024-01-31,137.18
S005,P0007,2024-01-02,144.62
S005,P0007,2024-01-03,145.7
S005,P0007,2024-01-04,132.88
S005,P0007,2024-01-05,145.84
S005,P0007,2024-01-06,130.1
S005,P0007,2024-01-07,134.0
S005,P0007,2024-01-08,140.5
S005,P0007,2024-01-09,140.12
S005,P0007,2024-01-10,140.76
S005,P0007,2024-01-11,132.73
S005,P0007,2024-01-12,147.3
S005,P0007,2024-01-13,132.73
S005,P0007,2024-01-14,132.16
S005,P0007,2024-01-15,145.13
S005,P0007,2024-01-16,139.54
S005,P0007,2024-01-17,140.76
S005,P0007,2024-01-18,132.51
S005,P0007,2024-01-19,147.44
S005,P0007,2024-01-20,132.7
S005,P0007,2024-01-21,132.16
S005,P0007,2024-01-22,145.23
S005,P0007,2024-01-23,139.55
S005,P0007,2024-01-24,140.74
S005,P0007,2024-01-25,132.52
S005,P0007,2024-01-26,147.44
S005,P0007,2024-01-27,132.71
S005,P0007,2024-01-28,132.15
S005,P0007,2024-01-29,145.24
S005,P0007,2024-01-30,139.55
S005,P0007,2024-01-31,140.74
S005,P0008,2024-01-02,154.05
S005,P0008,2024-01-03,143.72
S005,P0008,2024-01-04,131.16
S005,P0008,2024-01-05,126.41
S005,P0008,2024-01-06,108.31
S005,P0008,2024-01-07,151.72
S005,P0008,2024-01-08,116.61
S005,P0008,2024-01-09,148.62
S005,P0008,2024-01-10,141.13
S005,P0008,2024-01-11,130.93
S005,P0008,2024-01-12,128.67
S005,P0008,2024-01-13,118.42
S005,P0008,2024-01-14,146.29
S005,P0008,2024-01-15,122.45
S005,P0008,2024-01-16,146.28
S005,P0008,2024-01-17,141.37
S005,P0008,2024-01-18,132.87
S005,P0008,2024-01-19,129.73
S005,P0008,2024-01-20,117.3
S005,P0008,2024-01-21,145.31
S005,P0008,2024-01-22,121.84
S005,P0008,2024-01-23,147.06
S005,P0008,2024-01-24,142.03
S005,P0008,2024-01-25,132.73
S005,P0008,2024-01-26,129.16
S005,P0008,2024-01-27,117.06
S005,P0008,2024-01-28,145.54
S005,P0008,2024-01-29,122.2
S005,P0008,2024-01-30,147.11
S005,P0008,2024-01-31,141.82
S005,P0009,2024-01-02,125.34
S005,P0009,2024-01-03,133.83
S005,P0009,2024-01-04,133.92
S005,P0009,2024-01-05,146.29
S005,P0009,2024-01-06,129.33
S005,P0009,2024-01-07,119.12
S005,P0009,2024-01-08,138.07
S005,P0009,2024-01-09,122.03
S005,P0009,2024-01-10,133.59
S005,P0009,2024-01-11,135.59
S005,P0009,2024-01-12,144.54
S005,P0009,2024-01-13,133.85
S005,P0009,2024-01-14,114.91
S005,P0009,2024-01-15,141.27
S005,P0009,2024-01-16,120.99
S005,P0009,2024-01-17,134.59
S005,P0009,2024-01-18,134.69
S005,P0009,2024-01-19,145.33
S005,P0009,2024-01-20,133.09
S005,P0009,2024-01-21,115.59
S005,P0009,2024-01-22,140.69
S005,P0009,2024-01-23,121.44
S005,P0009,2024-01-24,134.19
S005,P0009,2024-01-25,135.04
S005,P0009,2024-01-26,145.03
S005,P0009,2024-01-27,133.35
S005,P0009,2024-01-28,115.36
S005,P0009,2024-01-29,140.89
S005,P0009,2024-01-30,121.27
S005,P0009,2024-01-31,134.34
S005,P0010,2024-01-02,165.19
S005,P0010,2024-01-03,128.33
S005,P0010,2024-01-04,130.02
S005,P0010,2024-01-05,131.3
S005,P0010,2024-01-06,155.04
S005,P0010,2024-01-07,133.71
S005,P0010,2024-01-08,122.66
S005,P0010,2024-01-09,151.79
S005,P0010,2024-01-10,126.76
S005,P0010,2024-01-11,124.59
S005,P0010,2024-01-12,133.3
S005,P0010,2024-01-13,149.0
S005,P0010,2024-01-14,139.18
S005,P0010,2024-01-15,127.02
S005,P0010,2024-01-16,152.98
S005,P0010,2024-01-17,126.62
S005,P0010,2024-01-18,125.11
S005,P0010,2024-01-19,133.15
S005,P0010,2024-01-20,149.36
S005,P0010,2024-01-21,138.86
S005,P0010,2024-01-22,126.67
S005,P0010,2024-01-23,152.9
S005,P0010,2024-01-24,126.65
S005,P0010,2024-01-25,125.05
S005,P0010,2024-01-26,133.17
S005,P0010,2024-01-27,149.34
S005,P0010,2024-01-28,138.88
S005,P0010,2024-01-29,126.7
S005,P0010,2024-01-30,152.9
S005,P0010,2024-01-31,126.65
S005,P0011,2024-01-02,125.36
S005,P0011,2024-01-03,157.31
S005,P0011,2024-01-04,131.37
S005,P0011,2024-01-05,174.14
S005,P0011,2024-01-06,122.7
S005,P0011,2024-01-07,125.08
S005,P0011,2024-01-08,112.19
S005,P0011,2024-01-09,124.58
S005,P0011,2024-01-10,161.73
S005,P0011,2024-01-11,135.21
S005,P0011,2024-01-12,167.26
S005,P0011,2024-01-13,127.61
S005,P0011,2024-01-14,129.41
S005,P0011,2024-01-15,111.92
S005,P0011,2024-01-16,124.5
S005,P0011,2024-01-17,161.94
S005,P0011,2024-01-18,135.34
S005,P0011,2024-01-19,166.99
S005,P0011,2024-01-20,127.8
S005,P0011,2024-01-21,129.59
S005,P0011,2024-01-22,111.91
S005,P0011,2024-01-23,124.5
S005,P0011,2024-01-24,161.94
S005,P0011,2024-01-25,135.35
S005,P0011,2024-01-26,166.98
S005,P0011,2024-01-27,127.81
S005,P0011,2024-01-28,129.6
S005,P0011,2024-01-29,111.91
S005,P0011,2024-01-30,124.5
S005,P0011,2024-01-31,161.94
S005,P0012,2024-01-02,137.7
S005,P0012,2024-01-03,156.23
S005,P0012,2024-01-04,141.68
S005,P0012,2024-01-05,166.76
S005,P0012,2024-01-06,116.15
S005,P0012,2024-01-07,138.02
S005,P0012,2024-01-08,131.21
S005,P0012,2024-01-09,130.8
S005,P0012,2024-01-10,145.24
S005,P0012,2024-01-11,133.81
S005,P0012,2024-01-12,153.21
S005,P0012,2024-01-13,123.95
S005,P0012,2024-01-14,129.21
S005,P0012,2024-01-15,147.38
S005,P0012,2024-01-16,130.37
S005,P0012,2024-01-17,145.24
S005,P0012,2024-01-18,133.59
S005,P0012,2024-01-19,153.56
S005,P0012,2024-01-20,122.45
S005,P0012,2024-01-21,129.26
S005,P0012,2024-01-22,145.26
S005,P0012,2024-01-23,129.8
S005,P0012,2024-01-24,144.69
S005,P0012,2024-01-25,133.11
S005,P0012,2024-01-26,153.09
S005,P0012,2024-01-27,122.19
S005,P0012,2024-01-28,128.9
S005,P0012,2024-01-29,145.14
S005,P0012,2024-01-30,129.58
S005,P0012,2024-01-31,144.5
S005,P0013,2024-01-02,142.03
S005,P0013,2024-01-03,120.42
S005,P0013,2024-01-04,160.43
S005,P0013,2024-01-05,161.57
S005,P0013,2024-01-06,132.23
S005,P0013,2024-01-07,150.56
S005,P0013,2024-01-08,134.61
S005,P0013,2024-01-09,138.27
S005,P0013,2024-01-10,119.89
S005,P0013,2024-01-11,158.32
S005,P0013,2024-01-12,155.19
S005,P0013,2024-01-13,126.67
S005,P0013,2024-01-14,150.1
S005,P0013,2024-01-15,126.66
S005,P0013,2024-01-16,138.06
S005,P0013,2024-01-17,119.86
S005,P0013,2024-01-18,158.2
S005,P0013,2024-01-19,154.83
S005,P0013,2024-01-20,126.36
S005,P0013,2024-01-21,150.07
S005,P0013,2024-01-22,126.21
S005,P0013,2024-01-23,138.05
S005,P0013,2024-01-24,119.86
S005,P0013,2024-01-25,158.19
S005,P0013,2024-01-26,154.81
S005,P0013,2024-01-27,126.34
S005,P0013,2024-01-28,150.07
S005,P0013,2024-01-29,126.19
S005,P0013,2024-01-30,138.05
S005,P0013,2024-01-31,119.86
S005,P0014,2024-01-02,169.87
S005,P0014,2024-01-03,114.63
S005,P0014,2024-01-04,130.65
S005,P0014,2024-01-05,131.68
S005,P0014,2024-01-06,133.93
S005,P0014,2024-01-07,139.47
S005,P0014,2024-01-08,123.52
S005,P0014,2024-01-09,171.96
S005,P0014,2024-01-10,117.53
S005,P0014,2024-01-11,129.3
S005,P0014,2024-01-12,130.26
S005,P0014,2024-01-13,133.05
S005,P0014,2024-01-14,142.59
S005,P0014,2024-01-15,121.38
S005,P0014,2024-01-16,172.12
S005,P0014,2024-01-17,117.73
S005,P0014,2024-01-18,129.28
S005,P0014,2024-01-19,130.19
S005,P0014,2024-01-20,132.99
S005,P0014,2024-01-21,142.67
S005,P0014,2024-01-22,121.32
S005,P0014,2024-01-23,172.14
S005,P0014,2024-01-24,117.73
S005,P0014,2024-01-25,129.28
S005,P0014,2024-01-26,130.19
S005,P0014,2024-01-27,132.99
S005,P0014,2024-01-28,142.68
S005,P0014,2024-01-29,121.32
S005,P0014,2024-01-30,172.14
S005,P0014,2024-01-31,117.73
S005,P0015,2024-01-02,153.34
S005,P0015,2024-01-03,140.06
S005,P0015,2024-01-04,164.66
S005,P0015,2024-01-05,138.73
S005,P0015,2024-01-06,161.51
S005,P0015,2024-01-07,144.35
S005,P0015,2024-01-08,139.96
S005,P0015,2024-01-09,150.53
S005,P0015,2024-01-10,145.42
S005,P0015,2024-01-11,163.2
S005,P0015,2024-01-12,141.16
S005,P0015,2024-01-13,158.44
S005,P0015,2024-01-14,145.16
S005,P0015,2024-01-15,140.2
S005,P0015,2024-01-16,151.62
S005,P0015,2024-01-17,144.55
S005,P0015,2024-01-18,163.86
S005,P0015,2024-01-19,140.63
S005,P0015,2024-01-20,158.86
S005,P0015,2024-01-21,144.85
S005,P0015,2024-01-22,140.44
S005,P0015,2024-01-23,151.42
S005,P0015,2024-01-24,144.71
S005,P0015,2024-01-25,163.74
S005,P0015,2024-01-26,140.73
S005,P0015,2024-01-27,158.78
S005,P0015,2024-01-28,144.9
S005,P0015,2024-01-29,140.39
S005,P0015,2024-01-30,151.45
S005,P0015,2024-01-31,144.68
S005,P0016,2024-01-02,129.49
S005,P0016,2024-01-03,147.76
S005,P0016,2024-01-04,119.06
S005,P0016,2024-01-05,155.81
S005,P0016,2024-01-06,133.78
S005,P0016,2024-01-07,136.9
S005,P0016,2024-01-08,140.29
S005,P0016,2024-01-09,141.37
S005,P0016,2024-01-10,140.72
S005,P0016,2024-01-11,127.35
S005,P0016,2024-01-12,151.49
S005,P0016,2024-01-13,139.07
S005,P0016,2024-01-14,129.58
S005,P0016,2024-01-15,143.46
S005,P0016,2024-01-16,136.64
S005,P0016,2024-01-17,145.43
S005,P0016,2024-01-18,123.6
S005,P0016,2024-01-19,155.08
S005,P0016,2024-01-20,136.12
S005,P0016,2024-01-21,132.43
S005,P0016,2024-01-22,141.15
S005,P0016,2024-01-23,138.83
S005,P0016,2024-01-24,143.57
S005,P0016,2024-01-25,125.29
S005,P0016,2024-01-26,153.62
S005,P0016,2024-01-27,137.44
S005,P0016,2024-01-28,131.29
S005,P0016,2024-01-29,142.18
S005,P0016,2024-01-30,137.93
S005,P0016,2024-01-31,144.37
S005,P0017,2024-01-02,139.95
S005,P0017,2024-01-03,128.05
S005,P0017,2024-01-04,127.75
S005,P0017,2024-01-05,162.62
S005,P0017,2024-01-06,137.27
S005,P0017,2024-01-07,133.09
S005,P0017,2024-01-08,129.2
S005,P0017,2024-01-09,141.35
S005,P0017,2024-01-10,124.72
S005,P0017,2024-01-11,132.61
S005,P0017,2024-01-12,159.09
S005,P0017,2024-01-13,135.56
S005,P0017,2024-01-14,133.88
S005,P0017,2024-01-15,131.13
S005,P0017,2024-01-16,141.14
S005,P0017,2024-01-17,125.33
S005,P0017,2024-01-18,132.29
S005,P0017,2024-01-19,158.98
S005,P0017,2024-01-20,135.77
S005,P0017,2024-01-21,133.67
S005,P0017,2024-01-22,131.26
S005,P0017,2024-01-23,141.22
S005,P0017,2024-01-24,125.25
S005,P0017,2024-01-25,132.33
S005,P0017,2024-01-26,158.99
S005,P0017,2024-01-27,135.73
S005,P0017,2024-01-28,133.69
S005,P0017,2024-01-29,131.26
S005,P0017,2024-01-30,141.21
S005,P0017,2024-01-31,125.26
S005,P0018,2024-01-02,133.54
S005,P0018,2024-01-03,139.19
S005,P0018,2024-01-04,114.61
S005,P0018,2024-01-05,146.36
S005,P0018,2024-01-06,98.66
S005,P0018,2024-01-07,135.7
S005,P0018,2024-01-08,159.56
S005,P0018,2024-01-09,133.9
S005,P0018,2024-01-10,140.63
S005,P0018,2024-01-11,109.15
S005,P0018,2024-01-12,149.43
S005,P0018,2024-01-13,97.89
S005,P0018,2024-01-14,133.05
S005,P0018,2024-01-15,155.18
S005,P0018,2024-01-16,135.07
S005,P0018,2024-01-17,141.0
S005,P0018,2024-01-18,108.59
S005,P0018,2024-01-19,149.11
S005,P0018,2024-01-20,98.35
S005,P0018,2024-01-21,133.26
S005,P0018,2024-01-22,155.04
S005,P0018,2024-01-23,134.96
S005,P0018,2024-01-24,141.15
S005,P0018,2024-01-25,108.64
S005,P0018,2024-01-26,149.02
S005,P0018,2024-01-27,98.31
S005,P0018,2024-01-28,133.31
S005,P0018,2024-01-29,155.06
S005,P0018,2024-01-30,134.93
S005,P0018,2024-01-31,141.14
S005,P0019,2024-01-02,145.03
S005,P0019,2024-01-03,141.45
S005,P0019,2024-01-04,136.63
S005,P0019,2024-01-05,136.0
S005,P0019,2024-01-06,137.62
S005,P0019,2024-01-07,115.36
S005,P0019,2024-01-08,127.76
S005,P0019,2024-01-09,143.59
S005,P0019,2024-01-10,147.69
S005,P0019,2024-01-11,138.72
S005,P0019,2024-01-12,135.08
S005,P0019,2024-01-13,134.94
S005,P0019,2024-01-14,113.21
S005,P0019,2024-01-15,130.87
S005,P0019,2024-01-16,143.69
S005,P0019,2024-01-17,147.5
S005,P0019,2024-01-18,138.7
S005,P0019,2024-01-19,135.08
S005,P0019,2024-01-20,135.01
S005,P0019,2024-01-21,113.25
S005,P0019,2024-01-22,130.8
S005,P0019,2024-01-23,143.69
S005,P0019,2024-01-24,147.51
S005,P0019,2024-01-25,138.7
S005,P0019,2024-01-26,135.09
S005,P0019,2024-01-27,135.01
S005,P0019,2024-01-28,113.25
S005,P0019,2024-01-29,130.8
S005,P0019,2024-01-30,143.69
S005,P0019,2024-01-31,147.51
S005,P0020,2024-01-02,150.6
S005,P0020,2024-01-03,138.47
S005,P0020,2024-01-04,129.88
S005,P0020,2024-01-05,125.12
S005,P0020,2024-01-06,142.75
S005,P0020,2024-01-07,148.45
S005,P0020,2024-01-08,144.46
S005,P0020,2024-01-09,149.67
S005,P0020,2024-01-10,132.91
S005,P0020,2024-01-11,132.37
S005,P0020,2024-01-12,126.33
S005,P0020,2024-01-13,145.42
S005,P0020,2024-01-14,143.15
S005,P0020,2024-01-15,140.93
S005,P0020,2024-01-16,148.95
S005,P0020,2024-01-17,133.61
S005,P0020,2024-01-18,131.95
S005,P0020,2024-01-19,126.51
S005,P0020,2024-01-20,145.18
S005,P0020,2024-01-21,143.43
S005,P0020,2024-01-22,140.98
S005,P0020,2024-01-23,149.02
S005,P0020,2024-01-24,133.55
S005,P0020,2024-01-25,131.99
S005,P0020,2024-01-26,126.49
S005,P0020,2024-01-27,145.2
S005,P0020,2024-01-28,143.41
S005,P0020,2024-01-29,140.98
S005,P0020,2024-01-30,149.02
S005,P0020,2024-01-31,133.55
